generation,training_chunk,samples_seen,epoch_fraction,trial,LR,optimization_metric_name,optimization_metric_value,optimization_metric_mode,controller_objective_mistag_percent,validation_working_point_mistag_percent,ctag_score,btag_score,total_mistag_score,group_score_warning,btag_c_mistag_percent_at_0p80,btag_d_mistag_percent_at_0p80,btag_c_mistag_percent_at_0p90,btag_d_mistag_percent_at_0p90,ctag_b_mistag_percent_at_0p50,ctag_d_mistag_percent_at_0p50,ctag_b_mistag_percent_at_0p80,ctag_d_mistag_percent_at_0p80,btag_c_mistag_percent_at_0p80_err_low,btag_c_mistag_percent_at_0p80_err_high,btag_c_mistag_percent_at_0p80_passed,btag_c_mistag_percent_at_0p80_total,btag_d_mistag_percent_at_0p80_err_low,btag_d_mistag_percent_at_0p80_err_high,btag_d_mistag_percent_at_0p80_passed,btag_d_mistag_percent_at_0p80_total,btag_c_mistag_percent_at_0p90_err_low,btag_c_mistag_percent_at_0p90_err_high,btag_c_mistag_percent_at_0p90_passed,btag_c_mistag_percent_at_0p90_total,btag_d_mistag_percent_at_0p90_err_low,btag_d_mistag_percent_at_0p90_err_high,btag_d_mistag_percent_at_0p90_passed,btag_d_mistag_percent_at_0p90_total,ctag_b_mistag_percent_at_0p50_err_low,ctag_b_mistag_percent_at_0p50_err_high,ctag_b_mistag_percent_at_0p50_passed,ctag_b_mistag_percent_at_0p50_total,ctag_d_mistag_percent_at_0p50_err_low,ctag_d_mistag_percent_at_0p50_err_high,ctag_d_mistag_percent_at_0p50_passed,ctag_d_mistag_percent_at_0p50_total,ctag_b_mistag_percent_at_0p80_err_low,ctag_b_mistag_percent_at_0p80_err_high,ctag_b_mistag_percent_at_0p80_passed,ctag_b_mistag_percent_at_0p80_total,ctag_d_mistag_percent_at_0p80_err_low,ctag_d_mistag_percent_at_0p80_err_high,ctag_d_mistag_percent_at_0p80_passed,ctag_d_mistag_percent_at_0p80_total,validation_accuracy,validation_auc,validation_loss,best_so_far,training_loss,validation_shutdown_warning,validation_dataset,validation_suffix,validation_sample_count,evaluation_type
0,0,480000,,lr_14e-6,1.4e-05,validation_total_reference_mistag_geomean_percent,0.43397651572760193,min,1.0227007776957178,1.0227007776957178,0.585182292953631,0.32184093481788417,0.43397651572760193,,0.20496744559258379,0.07406221388700865,3.1810142917148485,0.22218663161730415,0.5343296790312209,0.07005884789285101,2.7600337128751704,1.134953398954754,0.019297861760593678,0.02129906873552202,102,49764,0.011212740595715143,0.013211417021894292,37,49958,0.07773336140082139,0.07961496435920992,1583,49764,0.02009254725992035,0.022085293846650512,111,49958,0.03169536003077601,0.03368261151512255,266,49782,0.010880534570269825,0.012879371262380035,35,49958,0.07248138692773701,0.07437922218285972,1374,49782,0.04642382454702644,0.048380030501476295,567,49958,0.88913,0.9715597547966608,0.29406,0.43397651572760193,0.30006,False,/data/suehara/part/march/datasets/20250711_ilc_nnqq_sgv_10m_3cat_parquet,val50k_tail,150000,proxy
0,0,480000,,lr_3e-6,3e-06,validation_total_reference_mistag_geomean_percent,0.4353585533641092,min,1.0680203096255019,1.0680203096255019,0.6342650441436499,0.29882944320728344,0.4353585533641092,,0.1868708193870263,0.06415139729762238,3.3516186009820474,0.1984683870894279,0.577675269564457,0.08018924348222572,2.866312204580759,1.2188765546204499,0.01838424283006712,0.020386056412368455,93,49767,0.010379772954849235,0.012381891857188786,32,49882,0.07974508159388285,0.08161971515189478,1668,49767,0.01895344703960384,0.020950180660861968,99,49882,0.032964210096886847,0.03494681298286846,288,49855,0.011712531803758437,0.013714007687461411,40,49882,0.07378937795571167,0.07568017094730026,1429,49855,0.04816111887778994,0.050116940438294996,608,49882,0.88782,0.9708679377305508,0.3,0.43397651572760193,0.30678,False,/data/suehara/part/march/datasets/20250711_ilc_nnqq_sgv_10m_3cat_parquet,val50k_tail,150000,proxy
0,0,480000,,lr_6e-6,6e-06,validation_total_reference_mistag_geomean_percent,0.44573023655911975,min,1.0611037153893412,1.0611037153893412,0.6017125921131747,0.33018329080552206,0.44573023655911975,,0.1989389960683928,0.07806557470156976,3.3538301418549734,0.22819168742418536,0.5463822104301843,0.07206053366314163,2.8383753229043887,1.1729852560678935,0.018998350822354345,0.020999800074156163,99,49764,0.01153612443422266,0.01353464059447077,39,49958,0.07977318949549325,0.08164784718350873,1669,49764,0.02037447782933309,0.02236698401716672,114,49958,0.03205987395965629,0.03404664124059542,272,49782,0.011047785505402346,0.013046542064547036,36,49958,0.07348761255248741,0.07538230048546209,1413,49782,0.04720263974032808,0.049157323168433006,586,49958,0.88831,0.9711427880641771,0.29706,0.43397651572760193,0.30284,False,/data/suehara/part/march/datasets/20250711_ilc_nnqq_sgv_10m_3cat_parquet,val50k_tail,150000,proxy
0,0,480000,,lr_9e-6,9e-06,validation_total_reference_mistag_geomean_percent,0.4262407966710293,min,1.032247720844567,1.032247720844567,0.5959249313498026,0.3048726562509071,0.4262407966710293,,0.19263955580027425,0.07020640528892824,3.216679456782864,0.19858384170647322,0.5520204009004361,0.07020640528892824,2.7922193981620245,1.165426302826607,0.01866801483039779,0.020666905587361784,96,49834,0.010903444840371417,0.012906485462715216,35,49853,0.07810498757371553,0.07998251624330432,1603,49834,0.018964463030463757,0.020962353517225973,99,49853,0.03221800684438392,0.03420315195680739,275,49817,0.010903444840371417,0.012906485462715216,35,49853,0.07287135721602937,0.07476656699870014,1391,49817,0.047097410770374944,0.049056514298538405,581,49853,0.8884,0.9713295169054175,0.29557,0.4262407966710293,0.30094,False,/data/suehara/part/march/datasets/20250711_ilc_nnqq_sgv_10m_3cat_parquet,val50k_tail,150000,proxy
1,1,960000,,lr_14e-6,1.08e-05,validation_total_reference_mistag_geomean_percent,0.4121011852217694,min,0.9990794694245615,0.9990794694245615,0.5577657217906147,0.30447799179193796,0.4121011852217694,,0.18470928636534537,0.07014871579126201,3.1822196584222047,0.20844189682126107,0.5039958373585992,0.06614021467150145,2.7027027027027026,1.074277443263616,0.018265138903751775,0.020265391497313254,92,49808,0.01089448745339802,0.012895884438455607,35,49894,0.07771386014879741,0.07959375254881565,1585,49808,0.01944433727138846,0.021440190888110743,104,49894,0.03075307306161911,0.032740744654757674,251,49802,0.010552259366753509,0.012553817029154141,33,49894,0.07172093176214187,0.07362030719323329,1346,49802,0.045181184402485336,0.04714233171310839,536,49894,0.88959,0.9719492648267488,0.29196,0.4121011852217694,0.29902,False,/data/suehara/part/march/datasets/20250711_ilc_nnqq_sgv_10m_3cat_parquet,val50k_tail,150000,proxy
1,1,960000,,lr_3e-6,7.2000000000000005e-06,validation_total_reference_mistag_geomean_percent,0.4098384849609592,min,1.012112453895472,1.012112453895472,0.5750657790916255,0.29208412300313913,0.4098384849609592,,0.17065532519817952,0.06614154435823204,3.154111755209818,0.20443749399112363,0.5401280991061216,0.06413725372296715,2.7488304226941254,1.1484577368832085,0.01752081067098036,0.01952162757891207,85,49808,0.010552470810824735,0.012554068536286633,33,49893,0.077376579320634,0.07925760034939444,1571,49808,0.019248010505117596,0.021244064640033943,102,49893,0.031864724206078464,0.03385090491024954,269,49803,0.010377485068837353,0.012379163136191224,32,49893,0.07232117251059003,0.0742186574358282,1369,49803,0.04673167535504709,0.048689888458847835,573,49893,0.88885,0.97174094504135,0.29316,0.4098384849609592,0.29982,False,/data/suehara/part/march/datasets/20250711_ilc_nnqq_sgv_10m_3cat_parquet,val50k_tail,150000,proxy
1,1,960000,,lr_6e-6,8.1e-06,validation_total_reference_mistag_geomean_percent,0.41687216360936563,min,1.0290595852394329,1.0290595852394329,0.5713496636971179,0.30416120255997675,0.41687216360936563,,0.1844426705146259,0.0662384561782319,3.3239776299997907,0.21075872885112568,0.5320857809704151,0.0662384561782319,2.748775081508316,1.0999598777147266,0.018238794634218496,0.020236170682718345,92,49880,0.010567929149143063,0.012572455816273392,33,49820,0.07933371666530784,0.08120521172169867,1658,49880,0.019570981788320285,0.021569706874872842,105,49820,0.031620263870272156,0.03360672764795543,265,49804,0.010567929149143063,0.012572455816273392,33,49820,0.07231974010293817,0.07421718914625598,1369,49804,0.04575714085645905,0.04772017010695687,548,49820,0.88871,0.9716573768148317,0.2937,0.4098384849609592,0.29808,False,/data/suehara/part/march/datasets/20250711_ilc_nnqq_sgv_10m_3cat_parquet,val50k_tail,150000,proxy
1,1,960000,,lr_9e-6,9e-06,validation_total_reference_mistag_geomean_percent,0.4142014826249877,min,1.0065896817132953,1.0065896817132953,0.5648346177927552,0.3037400024792505,0.4142014826249877,,0.18061045761447142,0.07223548910533278,3.156669584982073,0.20667375593978912,0.5197046210064202,0.06420932239099464,2.7389837620466064,1.1136304606206753,0.018047132397806115,0.020046626278711267,90,49831,0.011074601062969027,0.013078203314757232,36,49837,0.07738968791374222,0.07926973810064714,1573,49831,0.01936832779430417,0.02136653503550792,103,49837,0.031230984476332546,0.033216669624668536,259,49836,0.010389143002913518,0.01239306734488587,32,49837,0.07216975863915016,0.07406638227752844,1365,49836,0.04603588667566726,0.04799769772606179,555,49837,0.88939,0.9718148381451807,0.29263,0.4098384849609592,0.2978,False,/data/suehara/part/march/datasets/20250711_ilc_nnqq_sgv_10m_3cat_parquet,val50k_tail,150000,proxy
2,2,1440000,,lr_14e-6,8.64e-06,validation_total_reference_mistag_geomean_percent,0.412192901239901,min,1.0113128988585136,1.0113128988585136,0.5870987840376332,0.28939420835468116,0.412192901239901,,0.18283738988912804,0.06007689872371058,3.1886038163042403,0.20025633397437198,0.5321605706174869,0.07209227952584542,2.7130148313147138,1.1414610705186101,0.018174078104742912,0.020175892884326967,91,49771,0.010010537405120305,0.012010654476693298,30,49936,0.07781880074629252,0.07969983410619566,1587,49771,0.019032960405408382,0.02102746322583818,100,49936,0.03162469791407035,0.03361143792082067,265,49797,0.011052651398058694,0.013052287248105105,36,49936,0.0718593199530649,0.07375847193345601,1351,49797,0.04656807876207772,0.04852488589625996,570,49936,0.88963,0.9719316943979734,0.29194,0.4098384849609592,0.29599,False,/data/suehara/part/march/datasets/20250711_ilc_nnqq_sgv_10m_3cat_parquet,val50k_tail,150000,proxy
2,2,1440000,,lr_3e-6,5.760000000000001e-06,validation_total_reference_mistag_geomean_percent,0.4161188661451429,min,1.0138536655024744,1.0138536655024744,0.5862327198189302,0.2953688951640258,0.4161188661451429,,0.1830801696486289,0.06407560921887828,3.1767427298763464,0.20424100513401103,0.5174696133861784,0.07208506037123806,2.735769446636612,1.1573656897479025,0.01819819138055563,0.020202654416284903,91,49705,0.01036751335779908,0.012367270051194664,32,49941,0.07772771496328094,0.0796117232205372,1579,49705,0.01922952688485787,0.021223670451219402,102,49941,0.031155339473314635,0.033140238102901884,258,49858,0.011051545137024537,0.013050981080303897,36,49941,0.07211228544542342,0.07400820114426901,1364,49858,0.046892202208751246,0.04884817651128158,578,49941,0.88937,0.9718306037249179,0.29237,0.4098384849609592,0.29772,False,/data/suehara/part/march/datasets/20250711_ilc_nnqq_sgv_10m_3cat_parquet,val50k_tail,150000,proxy
2,2,1440000,,lr_6e-6,6.480000000000001e-06,validation_total_reference_mistag_geomean_percent,0.41279002968134526,min,1.0116495246802895,1.0116495246802895,0.5763814407821197,0.2956299362677395,0.41279002968134526,,0.18925285435789235,0.06414239611938503,3.203205160241516,0.19643608306881982,0.5285708616924527,0.06815129787790901,2.7149322204221225,1.1285053236622182,0.01852419956452757,0.020529866854485556,94,49669,0.010378316910682422,0.012380155259204405,32,49889,0.078072322135056,0.07995663036060169,1591,49669,0.018850195807252647,0.020846730740581385,98,49889,0.03146950992135942,0.0334504669014973,264,49946,0.01072569946603141,0.012727377105002083,34,49889,0.07177845384988626,0.07367186357913127,1356,49946,0.046321787931232275,0.04828095789388108,563,49889,0.88953,0.971827617919862,0.29225,0.4098384849609592,0.29607,False,/data/suehara/part/march/datasets/20250711_ilc_nnqq_sgv_10m_3cat_parquet,val50k_tail,150000,proxy
2,2,1440000,,lr_9e-6,7.2000000000000005e-06,validation_total_reference_mistag_geomean_percent,0.4267256194573568,min,1.0183058568499077,1.0183058568499077,0.5799519666647244,0.3139824757358493,0.4267256194573568,,0.1994399515812774,0.07004062647031238,3.21924295402235,0.21612534636909683,0.5331302422962086,0.07004062647031238,2.7277828886940254,1.1106442188956787,0.019046151048280387,0.02105262002666539,99,49639,0.010877704756869184,0.012876022189689074,35,49971,0.07828697294602546,0.08017177379477727,1598,49639,0.019801616897797622,0.021794087667320345,108,49971,0.03162438544334744,0.033607224195282386,266,49894,0.010877704756869184,0.012876022189689074,35,49971,0.07198277286280946,0.0738776407694236,1361,49894,0.04591308930810105,0.04786975927633837,555,49971,0.88959,0.9717775612763875,0.29271,0.4098384849609592,0.29599,False,/data/suehara/part/march/datasets/20250711_ilc_nnqq_sgv_10m_3cat_parquet,val50k_tail,150000,proxy
3,3,1920000,,lr_14e-6,8.64e-06,validation_total_reference_mistag_geomean_percent,0.4234925427578627,min,1.013415001469549,1.013415001469549,0.5722142780102512,0.3134244297348819,0.4234925427578627,,0.18911197936204718,0.07399260272683335,3.2229509357652346,0.21397859861387997,0.5281866938798011,0.06799319802421327,2.709216165466568,1.1018898379178157,0.018510421754516414,0.02051460177027143,94,49706,0.011202204713253446,0.01319900539314225,37,50005,0.07827895636736068,0.08016106750053723,1602,49706,0.019692111577735004,0.02168331348942,107,50005,0.03150459409052234,0.033491653306777155,263,49793,0.010700824854173865,0.012697865481271407,34,50005,0.07181252979669393,0.07371198691382176,1349,49793,0.045714671361440744,0.04767036108623297,551,50005,0.88975,0.9719489239465199,0.29208,0.4098384849609592,0.29637,False,/data/suehara/part/march/datasets/20250711_ilc_nnqq_sgv_10m_3cat_parquet,val50k_tail,150000,proxy
3,3,1920000,,lr_3e-6,5.760000000000001e-06,validation_total_reference_mistag_geomean_percent,0.4213622138497073,min,1.0155266094488404,1.0155266094488404,0.5858418466024103,0.3030615110375012,0.4213622138497073,,0.18072289821111465,0.07002941201110417,3.1726907314584114,0.21008823603331253,0.5470085470085471,0.07002941201110417,2.759175560733828,1.1144680781233007,0.018058357885196073,0.020059091890876055,90,49800,0.010875964064744822,0.012873962087459771,35,49979,0.07760585978684419,0.07948643685304554,1580,49800,0.01950877646994297,0.021501169897831726,105,49979,0.03209653209786502,0.03408555158276186,272,49725,0.010875964064744822,0.012873962087459771,35,49979,0.072511264433835,0.07441130966308919,1372,49725,0.04598927025868584,0.04794547401712531,557,49979,0.88941,0.9718398904058881,0.29241,0.4098384849609592,0.29862,False,/data/suehara/part/march/datasets/20250711_ilc_nnqq_sgv_10m_3cat_parquet,val50k_tail,150000,proxy
3,3,1920000,,lr_6e-6,6.480000000000001e-06,validation_total_reference_mistag_geomean_percent,0.4111396788004129,min,1.0100916461634788,1.0100916461634788,0.576786498708155,0.2930648270420702,0.4111396788004129,,0.1705868107159003,0.06606870936082798,3.205025262082375,0.20421237887977345,0.5308880426168562,0.06807079295992448,2.7027027027027026,1.1331784699894707,0.017513783254277073,0.01951379983824804,85,49828,0.010540853956570003,0.012540250592680428,33,49948,0.07797084589955539,0.07984906840905887,1597,49828,0.01922683432245228,0.021220699569769436,102,49948,0.0316071319214517,0.03359667974944403,264,49728,0.010713033289583035,0.012712349760638484,34,49948,0.07177357702014553,0.07367577884593371,1344,49728,0.04639169945696471,0.0483483681187738,566,49948,0.88913,0.9717950112638638,0.29255,0.4098384849609592,0.29813,False,/data/suehara/part/march/datasets/20250711_ilc_nnqq_sgv_10m_3cat_parquet,val50k_tail,150000,proxy
3,3,1920000,,lr_9e-6,7.2000000000000005e-06,validation_total_reference_mistag_geomean_percent,0.41012893912070264,min,1.02818252970141,1.02818252970141,0.5729623369272674,0.29357208295110904,0.41012893912070264,,0.17453057358284188,0.06420159300202637,3.304044323480338,0.2006299810795054,0.5259670973616172,0.06620789359408726,2.774376095051676,1.1155026804591883,0.017722290754300266,0.019721346680279056,87,49848,0.010387892685857216,0.012391576114434302,32,49843,0.07912564897457133,0.08099914516126946,1647,49848,0.019068442533253894,0.021066651746875054,100,49843,0.03143050359020166,0.033416854129527176,262,49813,0.010563053829248633,0.012566656754664614,33,49843,0.07264442968322633,0.07454050804806926,1382,49813,0.04607225144868613,0.04803375122083894,556,49843,0.88908,0.9716969764029605,0.29316,0.4098384849609592,0.2957,False,/data/suehara/part/march/datasets/20250711_ilc_nnqq_sgv_10m_3cat_parquet,val50k_tail,150000,proxy
4,4,2400000,,lr_14e-6,8.64e-06,validation_total_reference_mistag_geomean_percent,0.4159050844670309,min,1.0064664200094584,1.0064664200094584,0.5670490223311816,0.3050477691935811,0.4159050844670309,,0.1706724446400529,0.0721978199113867,3.214665735170965,0.21859896396312556,0.5136642722420642,0.06818683125174275,2.7007505095381483,1.0929947833581803,0.017522568406417357,0.01952358549542829,85,49803,0.011068828067496553,0.0130713871152251,36,49863,0.07810503690296872,0.07998381508210473,1601,49803,0.01994034596341479,0.02193703299369098,109,49863,0.03104360303422017,0.03302945089343704,256,49838,0.010731290683373553,0.012734010608292552,34,49863,0.07166981510381282,0.07356789690997276,1346,49838,0.045591241504969356,0.04755285730772222,545,49863,0.88943,0.9718217054991184,0.2925,0.4098384849609592,0.29761,False,/data/suehara/part/march/datasets/20250711_ilc_nnqq_sgv_10m_3cat_parquet,val50k_tail,150000,proxy
4,4,2400000,,lr_3e-6,5.760000000000001e-06,validation_total_reference_mistag_geomean_percent,0.42851590846852766,min,1.0378908445521193,1.0378908445521193,0.5853412258144414,0.31370741665275886,0.42851590846852766,,0.18661582721816442,0.07217032337273628,3.290859787082838,0.21851569771346074,0.5322674556249541,0.0681608582943078,2.7637737978336747,1.1707630092768178,0.0183591775257567,0.020358269915505253,93,49835,0.0110646131448049,0.013066410537826152,36,49882,0.07898113429707782,0.0808556483095399,1640,49835,0.019932757903164254,0.02192868775112672,109,49882,0.031631034419949466,0.03361816917292698,265,49787,0.010727204220550433,0.012729162368230835,34,49882,0.07252617825016516,0.07442367267951194,1376,49787,0.0471926744049625,0.049150425021377356,584,49882,0.88893,0.971599529175971,0.29403,0.4098384849609592,0.29702,False,/data/suehara/part/march/datasets/20250711_ilc_nnqq_sgv_10m_3cat_parquet,val50k_tail,150000,proxy
4,4,2400000,,lr_6e-6,6.480000000000001e-06,validation_total_reference_mistag_geomean_percent,0.4213927343133346,min,1.0137207574510316,1.0137207574510316,0.5739161730312803,0.30940378556362863,0.4213927343133346,,0.1726214426723283,0.07420777851876853,3.2135688157412208,0.22262335068116917,0.5318721997195692,0.06819093495082586,2.731615333908672,1.0950662034156988,0.01762473267206447,0.01962498873126948,86,49820,0.01123477290034397,0.0132373718140525,37,49860,0.07807881146818241,0.07995699260272965,1601,49820,0.02013200105882621,0.022128646800172486,111,49860,0.03160760202216917,0.033593276996976826,265,49824,0.010731936198969531,0.012734776457503564,34,49860,0.07208254118237778,0.07397991738766485,1361,49824,0.04563622807228218,0.047597878813931266,546,49860,0.88938,0.9717615758865409,0.29296,0.4098384849609592,0.29785,False,/data/suehara/part/march/datasets/20250711_ilc_nnqq_sgv_10m_3cat_parquet,val50k_tail,150000,proxy
4,4,2400000,,lr_9e-6,7.2000000000000005e-06,validation_total_reference_mistag_geomean_percent,0.4173987405720025,min,1.0121767172681464,1.0121767172681464,0.5736799658186561,0.3036914639026569,0.4173987405720025,,0.1907630580538419,0.07013465648572632,3.2048193566472825,0.19838089034079764,0.5301204702327762,0.0681308138239018,2.7409638396747784,1.0941006528860668,0.018578400885990894,0.02057873168046457,95,49800,0.010892304956971468,0.012893301463993034,35,49904,0.0779900444444856,0.07986933123482753,1596,49800,0.01894509861421357,0.020940955506656717,99,49904,0.0315615458525393,0.03354824810823994,264,49800,0.010722476413186363,0.012723553226685717,34,49904,0.07222122360835068,0.07411913875642398,1365,49800,0.04559619962751071,0.0475561595243831,546,49904,0.88943,0.9717919966506657,0.29272,0.4098384849609592,0.297,False,/data/suehara/part/march/datasets/20250711_ilc_nnqq_sgv_10m_3cat_parquet,val50k_tail,150000,proxy
5,5,2880000,,lr_14e-6,8.64e-06,validation_total_reference_mistag_geomean_percent,0.421017306157826,min,1.0190902344810415,1.0190902344810415,0.578437336644017,0.3064386768544292,0.421017306157826,,0.19288339843030303,0.0680912409329431,3.254907492207413,0.20627641051599255,0.5441767006580589,0.0680912409329431,2.698795299798597,1.1195000923720817,0.018691625185632124,0.020693036284000644,96,49771,0.010716250667088652,0.01271616690683452,34,49933,0.07860739721603019,0.08048576627991064,1620,49771,0.019331123867749534,0.02132550539494984,103,49933,0.03198786990463911,0.033974007664651015,271,49800,0.010716250667088652,0.01271616690683452,34,49933,0.07167118954433081,0.07357079817946997,1344,49800,0.046114825197681765,0.04807262949414592,559,49933,0.88934,0.9717742326482185,0.29279,0.4098384849609592,0.2959,False,/data/suehara/part/march/datasets/20250711_ilc_nnqq_sgv_10m_3cat_parquet,val50k_tail,150000,proxy
5,5,2880000,,lr_3e-6,5.760000000000001e-06,validation_total_reference_mistag_geomean_percent,0.41214507856828403,min,1.020215295315939,1.020215295315939,0.5729372821810302,0.2964784646958713,0.41214507856828403,,0.16826923323806225,0.0721312803390311,3.2091345947853034,0.19836101547425372,0.5395067961507125,0.06411669238013185,2.796175226867107,1.1140275232929087,0.017372968730407397,0.01936939231043308,84,49920,0.011058629036778502,0.013059345074489293,36,49909,0.07794874503524313,0.07982334151306336,1602,49920,0.018943202270376727,0.020938860013632522,99,49909,0.03188568892578125,0.033877012430324,268,49675,0.010374159034503628,0.01237519623376711,32,49909,0.07302500644482714,0.07492547447210708,1389,49675,0.04601164719662768,0.0479706122324881,556,49909,0.88925,0.9718153573030426,0.29271,0.4098384849609592,0.29759,False,/data/suehara/part/march/datasets/20250711_ilc_nnqq_sgv_10m_3cat_parquet,val50k_tail,150000,proxy
5,5,2880000,,lr_6e-6,6.480000000000001e-06,validation_total_reference_mistag_geomean_percent,0.41653283289100235,min,1.0123963311886144,1.0123963311886144,0.5738375404333558,0.3023496872393164,0.41653283289100235,,0.1812506271145584,0.07215585523802008,3.187997144053462,0.20043292974553006,0.5464699588279713,0.0661428687579989,2.7563703948424045,1.0883508709289702,0.018111050159274885,0.020117605233008446,90,49655,0.011062396053525063,0.013063792808314285,36,49892,0.07790129181507802,0.07978674383777237,1583,49655,0.01904973117583383,0.0210459858434168,100,49892,0.0320079927580299,0.03398779699502205,273,49957,0.010552682263369868,0.012554320053496893,33,49892,0.07230861980267456,0.07419995370400653,1377,49957,0.0454802965160846,0.047440958298787354,543,49892,0.88948,0.9717497011988326,0.29261,0.4098384849609592,0.29731,False,/data/suehara/part/march/datasets/20250711_ilc_nnqq_sgv_10m_3cat_parquet,val50k_tail,150000,proxy
5,5,2880000,,lr_9e-6,7.2000000000000005e-06,validation_total_reference_mistag_geomean_percent,0.4221038405626603,min,1.0248389448767456,1.0248389448767456,0.5794809547168361,0.3074676583716397,0.4221038405626603,,0.1807083670929887,0.07410523268699314,3.2668058201194357,0.20429009193054137,0.546502997068934,0.06809669731018046,2.76064380761258,1.0975585451923113,0.018056908650576003,0.020057482553724797,90,49804,0.011219251351865859,0.013219086912473683,37,49929,0.07872218738919426,0.08059883407611282,1627,49804,0.019234144461080602,0.021228765326615148,102,49929,0.03206694181529515,0.03405414333487776,272,49771,0.010717108960828909,0.01271718519967089,34,49929,0.07249718780724217,0.07439541798692668,1374,49771,0.045657768260081236,0.047616608294805476,548,49929,0.88942,0.971778276179445,0.29271,0.4098384849609592,0.29723,False,/data/suehara/part/march/datasets/20250711_ilc_nnqq_sgv_10m_3cat_parquet,val50k_tail,150000,proxy
6,6,3360000,,lr_14e-6,8.64e-06,validation_total_reference_mistag_geomean_percent,0.4134776740200623,min,0.9920731147968669,0.9920731147968669,0.5707414610376914,0.29954681512396836,0.4134776740200623,,0.18059234155761114,0.07014028313488366,3.1403001795576455,0.20240480479159773,0.5123774380361908,0.07214428998904626,2.6924932822218657,1.0661322990860944,0.018045323142208584,0.02004461714694868,90,49836,0.01089317785060083,0.012894334529602827,35,49900,0.07718880963252829,0.0790693281153991,1565,49836,0.01914624288611058,0.021142098487817285,101,49900,0.031024787727596415,0.033013480390447436,255,49768,0.011060623020123672,0.013061699379772723,36,49900,0.07161129834420445,0.073512381622216,1340,49768,0.045005015103101106,0.046966253063682184,532,49900,0.8896,0.9720196128270985,0.29157,0.4098384849609592,0.29764,False,/data/suehara/part/march/datasets/20250711_ilc_nnqq_sgv_10m_3cat_parquet,val50k_tail,150000,proxy
6,6,3360000,,lr_3e-6,5.760000000000001e-06,validation_total_reference_mistag_geomean_percent,0.41389396945777435,min,1.0142578063282683,1.0142578063282683,0.5680784463829939,0.30155732723930606,0.41389396945777435,,0.17075816458318915,0.07219492488713815,3.2162802594455933,0.20856311736175295,0.5314774873026382,0.06417326782312244,2.73359930617232,1.1170159230503929,0.0175313623764768,0.01953338097201874,85,49778,0.011068384240207929,0.013070863086463862,36,49865,0.07814363572552566,0.08002329259752042,1601,49778,0.019455635329814338,0.021452644790351555,104,49865,0.03158420431598544,0.03356842165554361,265,49861,0.01038331076362027,0.012386111338447896,32,49865,0.07208193790567904,0.07397782658217153,1363,49861,0.046093852468728075,0.04805442616852146,557,49865,0.88939,0.9719141481574,0.2923,0.4098384849609592,0.29654,False,/data/suehara/part/march/datasets/20250711_ilc_nnqq_sgv_10m_3cat_parquet,val50k_tail,150000,proxy
6,6,3360000,,lr_6e-6,6.480000000000001e-06,validation_total_reference_mistag_geomean_percent,0.4143086540160908,min,1.0154906067673424,1.0154906067673424,0.5656071817196084,0.3034821097404641,0.4143086540160908,,0.18446115197925894,0.07011217691548016,3.210025058728333,0.2043269193295897,0.5431612005075892,0.06209935700027358,2.743969775132732,1.1057692145454816,0.01824062164169813,0.02023819718292509,92,49875,0.010888814780942228,0.012889170856361903,35,49920,0.07799408495341165,0.07987033705611907,1601,49875,0.019237609098829107,0.021232588088710085,102,49920,0.0319856136727561,0.033975428148790274,270,49709,0.010194244562550768,0.012194921658002615,31,49920,0.07232551012059663,0.07422677868205926,1364,49709,0.045834073391446545,0.04779293762770913,552,49920,0.88943,0.97191914763895,0.29241,0.4098384849609592,0.29708,False,/data/suehara/part/march/datasets/20250711_ilc_nnqq_sgv_10m_3cat_parquet,val50k_tail,150000,proxy
6,6,3360000,,lr_9e-6,7.2000000000000005e-06,validation_total_reference_mistag_geomean_percent,0.4145878506768462,min,1.0134106026212966,1.0134106026212966,0.5755882976198707,0.2986215783739956,0.4145878506768462,,0.18061045761447142,0.06813217375567297,3.2249000707119966,0.20038875467329656,0.5324492543833672,0.06813217375567297,2.7205143306359343,1.1121576054399605,0.018047132397806115,0.020046626278711267,90,49831,0.010722691223111269,0.012723808080420427,34,49903,0.07820504212609283,0.08008235388710719,1607,49831,0.01904553571306811,0.02104135213042207,100,49903,0.03164181230942316,0.03362961849106994,265,49770,0.010722691223111269,0.012723808080420427,34,49903,0.07197646528216521,0.07387634616195134,1354,49770,0.045975322412800806,0.047934597918342786,555,49903,0.88916,0.9717733078130038,0.29263,0.4098384849609592,0.297,False,/data/suehara/part/march/datasets/20250711_ilc_nnqq_sgv_10m_3cat_parquet,val50k_tail,150000,proxy
7,7,3840000,,lr_14e-6,8.64e-06,validation_total_reference_mistag_geomean_percent,0.4073348088960409,min,1.010009635146471,1.010009635146471,0.5614323708736203,0.29553273937552044,0.4073348088960409,,0.18221501794735628,0.06630899847591293,3.1737449316076516,0.19892700347867284,0.5341794652597507,0.060280908148953004,2.7371677251355013,1.1272530311179698,0.01811226142827624,0.02010728705745741,91,49941,0.0105791807338586,0.012585839269466234,33,49767,0.07751016409886999,0.07938538955963928,1585,49941,0.01899720656499801,0.020998535651968724,99,49767,0.0316864707902537,0.03367316960937276,266,49796,0.01004452366684277,0.012051424450115712,30,49767,0.07217475701405997,0.07407297708177558,1363,49796,0.04635135477214312,0.048315377718655995,561,49767,0.88937,0.9719711983278296,0.29197,0.4073348088960409,0.29738,False,/data/suehara/part/march/datasets/20250711_ilc_nnqq_sgv_10m_3cat_parquet,val50k_tail,150000,proxy
7,7,3840000,,lr_3e-6,5.760000000000001e-06,validation_total_reference_mistag_geomean_percent,0.41610912448611903,min,1.011865681364996,1.011865681364996,0.5642241642894665,0.30687590932701386,0.41610912448611903,,0.18878155471473407,0.07208072830396035,3.1912117021483803,0.204228733938287,0.5485562606234855,0.06206951679805548,2.742781475301794,1.0852154790912711,0.01847810589421326,0.02047879748132656,94,49793,0.011050881486694393,0.013050197505097907,36,49944,0.0778329925761427,0.0797130901133529,1589,49793,0.01922837283720273,0.021222397114460407,102,49944,0.0321298849331594,0.03411716365554207,273,49767,0.010189346996349123,0.012189063904233384,31,49944,0.07226846433365762,0.07416756490586686,1365,49767,0.04539088005261656,0.04734962605556815,542,49944,0.88964,0.971853848119914,0.29237,0.4073348088960409,0.29668,False,/data/suehara/part/march/datasets/20250711_ilc_nnqq_sgv_10m_3cat_parquet,val50k_tail,150000,proxy
7,7,3840000,,lr_6e-6,6.480000000000001e-06,validation_total_reference_mistag_geomean_percent,0.40366413654616795,min,1.0073398574460064,1.0073398574460064,0.5594892183835432,0.2912383827597922,0.40366413654616795,,0.18036071703072362,0.06434488860291161,3.1783567561905115,0.195045436396307,0.5393808247878147,0.06032333513817335,2.743022267593257,1.0978846338283526,0.018022196668596842,0.02001893578318602,90,49900,0.010411072375957519,0.012419222099939453,32,49732,0.07759683025365949,0.07947341161622101,1586,49900,0.018808225374456422,0.020811119008720267,97,49732,0.031820747078361786,0.033804209841183964,269,49872,0.010051591107291938,0.012059902557111368,30,49732,0.07219645919629633,0.07409155184616087,1368,49872,0.045753075078023425,0.047719661261773,546,49732,0.88929,0.9719043815944725,0.29221,0.40366413654616795,0.29763,False,/data/suehara/part/march/datasets/20250711_ilc_nnqq_sgv_10m_3cat_parquet,val50k_tail,150000,proxy
7,7,3840000,,lr_9e-6,7.2000000000000005e-06,validation_total_reference_mistag_geomean_percent,0.412817178938118,min,1.0014900666165607,1.0014900666165607,0.5723282180838611,0.2977627484400138,0.412817178938118,,0.17626087470104557,0.06816222509726139,3.16868965609774,0.20649144889216908,0.5312191778423501,0.06816222509726139,2.6923154740868847,1.1006194511177747,0.017801290770423812,0.01979715429652859,88,49926,0.010727419219949089,0.01272941744672034,34,49881,0.07746110994113174,0.07933710130208979,1582,49926,0.019351258234324747,0.021347710202984736,103,49881,0.03162679983610764,0.03361757535269676,264,49697,0.010727419219949089,0.01272941744672034,34,49881,0.07165942920622052,0.073563235579455,1338,49697,0.04574359614545921,0.04770419838777719,549,49881,0.88965,0.9720149684417193,0.29192,0.40366413654616795,0.29619,False,/data/suehara/part/march/datasets/20250711_ilc_nnqq_sgv_10m_3cat_parquet,val50k_tail,150000,proxy
8,8,4320000,,lr_14e-6,7.776e-06,validation_total_reference_mistag_geomean_percent,0.3985299961354845,min,1.0038363068377683,1.0038363068377683,0.5606054884677301,0.28331181389939564,0.3985299961354845,,0.17672101830309422,0.060197449397621346,3.176961984049989,0.19062524942192288,0.5193294836365965,0.06220402875873273,2.7209655740932823,1.1236856670409086,0.017847728724408877,0.01984878416864174,88,49796,0.010030619782090959,0.01203474533348338,30,49836,0.07766013885861893,0.07954069543813364,1582,49796,0.018564991392731205,0.020563882768583626,95,49836,0.03120849404125662,0.033192760899738126,259,49872,0.010211423182898412,0.012215468208513314,31,49836,0.07190966430543275,0.0738056414605226,1357,49872,0.04624583268322269,0.04820727957251976,560,49836,0.88936,0.9720640820000201,0.29128,0.3985299961354845,0.29705,False,/data/suehara/part/march/datasets/20250711_ilc_nnqq_sgv_10m_3cat_parquet,val50k_tail,150000,proxy
8,8,4320000,,lr_3e-6,5.184000000000001e-06,validation_total_reference_mistag_geomean_percent,0.40376521860323544,min,1.0083530284835427,1.0083530284835427,0.5665532490226648,0.2877511549619526,0.40376521860323544,,0.18073741172862692,0.06220402875873273,3.1990520387177748,0.19062524942192288,0.5253448677912277,0.06421061080343526,2.722970870244638,1.1216791504019823,0.0180598073524637,0.020060701486301968,90,49796,0.010211423182898412,0.012215468208513314,31,49836,0.07792433130600872,0.07980400067835319,1593,49796,0.018564991392731205,0.020563882768583626,95,49836,0.03139340986798196,0.03337743549776569,262,49872,0.010389351418352441,0.012393315918189804,32,49836,0.07193578858825551,0.07383168533377886,1358,49872,0.04620410461558325,0.048165632030657685,559,49836,0.88927,0.97200912493236,0.29156,0.3985299961354845,0.29728,False,/data/suehara/part/march/datasets/20250711_ilc_nnqq_sgv_10m_3cat_parquet,val50k_tail,150000,proxy
8,8,4320000,,lr_6e-6,5.832000000000001e-06,validation_total_reference_mistag_geomean_percent,0.40257209813155687,min,1.0073487272257835,1.0073487272257835,0.5668064490418663,0.28592528272746104,0.40257209813155687,,0.18073741172862692,0.060197449397621346,3.189011108389505,0.1926318324103058,0.5253448677912277,0.06421061080343526,2.722970870244638,1.1236856670409086,0.0180598073524637,0.020060701486301968,90,49796,0.010030619782090959,0.01203474533348338,30,49836,0.07780436877005241,0.0796844414183831,1588,49796,0.018667266272103487,0.02066607712217835,96,49836,0.03139340986798196,0.03337743549776569,262,49872,0.010389351418352441,0.012393315918189804,32,49836,0.07193578858825551,0.07383168533377886,1358,49872,0.04624583268322269,0.04820727957251976,560,49836,0.88926,0.9720233460700095,0.29149,0.3985299961354845,0.29722,False,/data/suehara/part/march/datasets/20250711_ilc_nnqq_sgv_10m_3cat_parquet,val50k_tail,150000,proxy
8,8,4320000,,lr_9e-6,6.480000000000001e-06,validation_total_reference_mistag_geomean_percent,0.4059886299918106,min,1.004924591142013,1.004924591142013,0.5542396210116145,0.2973926104051901,0.4059886299918106,,0.18442786724885718,0.06424799726946012,3.223478428637883,0.2047904900416187,0.5219521181247985,0.06224024933784261,2.7041133997946,1.0741461786810438,0.018237333291727297,0.020234549774731627,92,49884,0.010395399105667417,0.012400528884125902,32,49807,0.07814709671606218,0.08002247093797099,1608,49884,0.019281216008682496,0.02128070241683793,102,49807,0.03130720167783324,0.033293713417470366,260,49813,0.010217367349227584,0.012222577747261818,31,49807,0.07173157467453319,0.07363047404482896,1347,49813,0.04521699436257163,0.047181572494423875,535,49807,0.88933,0.9720382766691055,0.29147,0.3985299961354845,0.29695,False,/data/suehara/part/march/datasets/20250711_ilc_nnqq_sgv_10m_3cat_parquet,val50k_tail,150000,proxy
9,9,4800000,,lr_14e-6,9.3312e-06,validation_total_reference_mistag_geomean_percent,0.39997361018562266,min,0.9893945035877865,0.9893945035877865,0.548474236459402,0.2916798606214242,0.39997361018562266,,0.18820324940077987,0.06423767941383117,3.1393904497113585,0.1907056154330009,0.5186659515382581,0.06022282445046673,2.667711998150317,1.0860182606042799,0.01842154741845544,0.020416133549373394,94,49946,0.010393730075005336,0.01239853826195675,32,49815,0.07709383328287113,0.07897024665937877,1568,49946,0.018572811243686083,0.020572542028543916,95,49815,0.03122719602134472,0.03321663531279913,258,49743,0.010034847322681504,0.012039816697000973,30,49815,0.07130304060856442,0.07320607566646507,1327,49743,0.04546536123532299,0.04742914723710606,541,49815,0.8899,0.9721869026878576,0.29069,0.3985299961354845,0.29623,False,/data/suehara/part/march/datasets/20250711_ilc_nnqq_sgv_10m_3cat_parquet,val50k_tail,150000,proxy
9,9,4800000,,lr_3e-6,6.2208e-06,validation_total_reference_mistag_geomean_percent,0.4027296502144929,min,0.9773774281587428,0.9773774281587428,0.5647532756157487,0.2871894297293828,0.4027296502144929,,0.17456558909919723,0.06625042872324861,2.9896865712613776,0.19674369018824903,0.5295356559879885,0.06424283792736545,2.6837829357049583,1.1142117163775571,0.017725844090015756,0.019725299713422302,87,49838,0.010569838108285223,0.01257472647146629,33,49811,0.07534723202084585,0.07723371904568392,1490,49838,0.01887968871586696,0.020879337648206438,98,49811,0.03152681165183736,0.03351134568371338,264,49855,0.010394564523338303,0.012399533493147687,32,49811,0.07143533293443825,0.07333344818754271,1338,49855,0.04605978915629312,0.04802260085948508,555,49811,0.88985,0.9721794737178732,0.29065,0.3985299961354845,0.29586,False,/data/suehara/part/march/datasets/20250711_ilc_nnqq_sgv_10m_3cat_parquet,val50k_tail,150000,proxy
9,9,4800000,,lr_6e-6,6.9984e-06,validation_total_reference_mistag_geomean_percent,0.40214309470751397,min,0.9891256271735065,0.9891256271735065,0.5500194954463398,0.2940242481581527,0.40214309470751397,,0.18248541030035692,0.06618398890384061,3.1483746496654947,0.19654640235750115,0.5122950899764372,0.06217284217091597,2.667952551186882,1.0769940828266231,0.018139118102389395,0.02013709334057045,91,49867,0.010559241498112916,0.012562122088883567,33,49861,0.07726233781617763,0.07914136345680278,1570,49867,0.01886077239749073,0.020858424060119993,98,49861,0.0310198131052139,0.033008189460479766,255,49776,0.010206304449917703,0.01220934593078502,31,49861,0.07128288176169485,0.0731846455310315,1328,49776,0.04525355593501118,0.04721589222142393,537,49861,0.88992,0.9722076069843871,0.2907,0.3985299961354845,0.29527,False,/data/suehara/part/march/datasets/20250711_ilc_nnqq_sgv_10m_3cat_parquet,val50k_tail,150000,proxy
9,9,4800000,,lr_9e-6,7.776e-06,validation_total_reference_mistag_geomean_percent,0.40837337125780876,min,0.9743585290816558,0.9743585290816558,0.5668563708130572,0.2941994108900411,0.40837337125780876,,0.18645868814522656,0.06617868503469856,2.997373593466113,0.20254688115323152,0.5265061493469527,0.06818409572674158,2.6707125092251975,1.0769076305550849,0.01834373013028831,0.02034114547619741,93,49877,0.010558394687091481,0.012561114829776173,33,49865,0.07541322159621312,0.07729792533177106,1495,49877,0.019159669807281943,0.021156920564247915,101,49865,0.0314626383619232,0.03345100296335921,262,49762,0.010730860382782429,0.012733500093324211,34,49865,0.07132916051850943,0.07323134838531989,1329,49762,0.04524994436765177,0.047212126710303656,537,49865,0.89013,0.9721099500152676,0.29067,0.3985299961354845,0.29491,False,/data/suehara/part/march/datasets/20250711_ilc_nnqq_sgv_10m_3cat_parquet,val50k_tail,150000,proxy
10,10,5280000,,lr_14e-6,9.3312e-06,validation_total_reference_mistag_geomean_percent,0.4179080498147237,min,1.0143271873045585,1.0143271873045585,0.5668298106073799,0.3081121261297186,0.4179080498147237,,0.19060613308738192,0.07216743055316353,3.2041892662519764,0.20447437455851555,0.5303441054084805,0.06414882527463715,2.74212015980917,1.106567203493143,0.018563130493921616,0.020561822114342765,95,49841,0.011064169655456986,0.013065886908000455,36,49884,0.07795083304964825,0.07982859921785782,1597,49841,0.019251480140479234,0.02124789291463726,102,49884,0.031574828200469585,0.0335623595736711,264,49779,0.010379356900542364,0.012381395636624387,32,49884,0.07225127874130079,0.07414994807954343,1365,49779,0.045866977071585234,0.047827222947660446,552,49884,0.8897,0.9721205793965039,0.29129,0.3985299961354845,0.29566,False,/data/suehara/part/march/datasets/20250711_ilc_nnqq_sgv_10m_3cat_parquet,val50k_tail,150000,proxy
10,10,5280000,,lr_3e-6,6.2208e-06,validation_total_reference_mistag_geomean_percent,0.41866866516327816,min,1.015581093833336,1.015581093833336,0.5655212967599338,0.30995022149273666,0.41866866516327816,,0.19060613308738192,0.07216743055316353,3.2182339747093685,0.20848368520363267,0.5283352594212707,0.06414882527463715,2.74212015980917,1.1005532826080642,0.018563130493921616,0.020561822114342765,95,49841,0.011064169655456986,0.013065886908000455,36,49884,0.07811805823093668,0.07999526083179234,1604,49841,0.019448231671065005,0.02144448370345383,104,49884,0.03151343309654381,0.033501045180040545,263,49779,0.010379356900542364,0.012381395636624387,32,49884,0.07225127874130079,0.07414994807954343,1365,49779,0.04574085950304913,0.04770134649177849,549,49884,0.88961,0.9720743959310956,0.29151,0.3985299961354845,0.29586,False,/data/suehara/part/march/datasets/20250711_ilc_nnqq_sgv_10m_3cat_parquet,val50k_tail,150000,proxy
10,10,5280000,,lr_6e-6,6.9984e-06,validation_total_reference_mistag_geomean_percent,0.39750107329336953,min,0.9887511884436266,0.9887511884436266,0.5540385389160968,0.2851915384415329,0.39750107329336953,,0.1803571035424143,0.06019986472667116,3.1301977741593303,0.19464623071328388,0.5103578438938584,0.06421318778344103,2.7085132850890425,1.0615242176409723,0.018021835787772052,0.020018535034011832,90,49901,0.010031022251533031,0.012035228136411278,30,49834,0.0770173190054093,0.07889579290258353,1562,49901,0.018769760983908323,0.020768571208631178,97,49834,0.030961666713307835,0.03295040057494005,254,49769,0.010389768274317302,0.01239381309471329,32,49834,0.07182042595019061,0.0737208272629658,1348,49769,0.04493564254987852,0.0468996628464358,529,49834,0.88998,0.9722655270771821,0.29029,0.39750107329336953,0.29531,False,/data/suehara/part/march/datasets/20250711_ilc_nnqq_sgv_10m_3cat_parquet,val50k_tail,150000,proxy
10,10,5280000,,lr_9e-6,7.776e-06,validation_total_reference_mistag_geomean_percent,0.40797243905646563,min,0.9935587069746066,0.9935587069746066,0.5656632027741006,0.2942413616679084,0.40797243905646563,,0.18658588263242343,0.06621188027999737,3.0856890083982336,0.19662920842642087,0.5118323748972211,0.06621188027999737,2.727765290481135,1.107544130401424,0.01835623315921322,0.0203550058949623,93,49843,0.010563689485423031,0.012567412850603924,33,49840,0.07652201651572252,0.07840446218365972,1538,49843,0.01886871263231519,0.020867202662070435,98,49840,0.030991860552124443,0.03297845955016346,255,49821,0.010563689485423031,0.012567412850603924,33,49840,0.0720345755425119,0.07393222054270683,1359,49821,0.04590725689029244,0.04786919408492126,552,49840,0.88975,0.972191542127795,0.29075,0.39750107329336953,0.29526,False,/data/suehara/part/march/datasets/20250711_ilc_nnqq_sgv_10m_3cat_parquet,val50k_tail,150000,proxy
11,11,5760000,,lr_14e-6,8.398079999999999e-06,validation_total_reference_mistag_geomean_percent,0.410202200170949,min,0.9848550468599966,0.9848550468599966,0.5681756680640323,0.2961510928449757,0.410202200170949,,0.19465793240579335,0.06611371753107878,3.044289709670425,0.19633769796445838,0.5124701112536203,0.06811716085145786,2.6849415526620093,1.1119124925411297,0.018770890043813354,0.02076982013115283,97,49831,0.0105480322640677,0.012548789001898372,33,49914,0.0760253428091856,0.07790990334461678,1517,49831,0.018840762441867217,0.02083630134997712,98,49914,0.031030386085287298,0.03301943471447112,255,49759,0.010720328787208884,0.012721005250736163,34,49914,0.07151852914557971,0.07342025979599695,1336,49759,0.04596524385777796,0.047924097409236116,555,49914,0.89009,0.972252216743021,0.29045,0.39750107329336953,0.29553,False,/data/suehara/part/march/datasets/20250711_ilc_nnqq_sgv_10m_3cat_parquet,val50k_tail,150000,proxy
11,11,5760000,,lr_3e-6,5.59872e-06,validation_total_reference_mistag_geomean_percent,0.41152854653756377,min,0.9821202378754964,0.9821202378754964,0.5682889867325513,0.2980099008940008,0.41152854653756377,,0.19081669054398712,0.07019373625440499,3.0269554735801303,0.19453691333181033,0.5194961673523419,0.06818819909655631,2.69375797343379,1.09301674941095,0.018583620921850515,0.0205845120502392,95,49786,0.010901477323150882,0.012904156915846557,35,49862,0.07584628306078547,0.07773324329663073,1507,49786,0.018759229637552645,0.020756921837303828,97,49862,0.03121848578990236,0.033203382749249624,259,49856,0.010731505846610444,0.012734265881127811,34,49862,0.07156547684367583,0.07346315387907303,1343,49856,0.04559215111616874,0.04755380537980469,545,49862,0.89042,0.9723669577596471,0.28981,0.39750107329336953,0.29648,False,/data/suehara/part/march/datasets/20250711_ilc_nnqq_sgv_10m_3cat_parquet,val50k_tail,150000,proxy
11,11,5760000,,lr_6e-6,6.29856e-06,validation_total_reference_mistag_geomean_percent,0.4112549892154411,min,0.9806148505660737,0.9806148505660737,0.5678165226815434,0.2978614735546337,0.4112549892154411,,0.19081669054398712,0.07019373625440499,3.020929534154283,0.19453691333181033,0.5194961673523419,0.06818819909655631,2.6897463782503044,1.091011185544901,0.018583620921850515,0.0205845120502392,95,49786,0.010901477323150882,0.012904156915846557,35,49862,0.07577208695478121,0.0776592892534296,1504,49786,0.018759229637552645,0.020756921837303828,97,49862,0.03121848578990236,0.033203382749249624,259,49856,0.010731505846610444,0.012734265881127811,34,49862,0.07151288564760314,0.07341072360536952,1341,49856,0.04554985512496782,0.04751158983042538,544,49862,0.89044,0.9723746352592636,0.28977,0.39750107329336953,0.29644,False,/data/suehara/part/march/datasets/20250711_ilc_nnqq_sgv_10m_3cat_parquet,val50k_tail,150000,proxy
11,11,5760000,,lr_9e-6,6.9984e-06,validation_total_reference_mistag_geomean_percent,0.4083387986667391,min,0.9807216039850191,0.9807216039850191,0.5559882398903774,0.2998994628545947,0.4083387986667391,,0.18448335539912203,0.07232691908690796,3.0479858009328455,0.198899026391451,0.5094161853903051,0.06429059348254108,2.6794489990498294,1.0889219521471507,0.018242814533888426,0.02024062951899504,92,49869,0.011088614480474126,0.013094749009146433,36,49774,0.0760420165536093,0.07792499286311087,1520,49869,0.01899453716711788,0.020995585925587517,99,49774,0.030904671494447027,0.03288977372953687,254,49861,0.010402289526883221,0.012408746961600142,32,49774,0.07137415791298868,0.07327221860578617,1336,49861,0.04554510977873051,0.04751039669275911,542,49774,0.89027,0.972334055677444,0.29005,0.39750107329336953,0.2964,False,/data/suehara/part/march/datasets/20250711_ilc_nnqq_sgv_10m_3cat_parquet,val50k_tail,150000,proxy
12,12,6240000,,lr_14e-6,8.398079999999999e-06,validation_total_reference_mistag_geomean_percent,0.41056810163732155,min,0.9974509724857756,0.9974509724857756,0.5573973571329965,0.3024165147626519,0.41056810163732155,,0.186219739292365,0.0682415765137018,3.18375689361691,0.2067318314403735,0.5066345031269621,0.06623447164668178,2.694008784015915,1.0677799802332966,0.018320241163456274,0.02031510641757933,93,49941,0.010739903948017769,0.012744229510992399,34,49823,0.07762992010324175,0.07950474462636581,1590,49941,0.019373765334884076,0.021372531719330214,103,49823,0.0308542301081312,0.032844273151118236,252,49740,0.010567292982649294,0.012571699113428673,33,49823,0.07165107462488128,0.07355316711011549,1340,49740,0.045074217380184495,0.04703842017638772,532,49823,0.88988,0.9723023754424082,0.29066,0.39750107329336953,0.29554,False,/data/suehara/part/march/datasets/20250711_ilc_nnqq_sgv_10m_3cat_parquet,val50k_tail,150000,proxy
12,12,6240000,,lr_3e-6,5.59872e-06,validation_total_reference_mistag_geomean_percent,0.4169394994784765,min,0.9908768416724861,0.9908768416724861,0.5771039799139037,0.30122569290077833,0.4169394994784765,,0.1826575650043089,0.0702811227752533,3.0710557703137447,0.20883533829406487,0.511185936396289,0.07228915450015429,2.698260001906272,1.1124498441898023,0.018156217115916532,0.02015607028758139,91,49820,0.010915045751692085,0.012920215080641404,35,49800,0.0763610970455672,0.07824499918318503,1530,49820,0.019481006319901798,0.02148061133420407,104,49800,0.0309528115040621,0.03293692753287194,255,49884,0.011082826869679917,0.01308791555638798,36,49800,0.07160460528152779,0.07350103667520883,1346,49884,0.04602795741851448,0.04799127342424957,554,49800,0.89024,0.9722018959637041,0.29088,0.39750107329336953,0.29704,False,/data/suehara/part/march/datasets/20250711_ilc_nnqq_sgv_10m_3cat_parquet,val50k_tail,150000,proxy
12,12,6240000,,lr_6e-6,6.29856e-06,validation_total_reference_mistag_geomean_percent,0.4026069240933829,min,0.9855296632469276,0.9855296632469276,0.560152853091084,0.28937161425397195,0.4026069240933829,,0.19256615200902183,0.062126738090675156,3.1111466098644414,0.18838430904961012,0.5105219591591781,0.06613491781573934,2.6551161658900666,1.0982404540966877,0.018660905949566917,0.020659037848934532,96,49853,0.010198738135979987,0.012200296213755232,31,49898,0.07682353531150189,0.07870458209725643,1551,49853,0.018439253945952416,0.020435751498850067,94,49898,0.03097160039153852,0.032960967197078785,254,49753,0.01055141367519764,0.012552811101389467,33,49898,0.0711296498054171,0.07303280869618393,1321,49753,0.04568598624436048,0.047646015887822975,548,49898,0.89013,0.9722875416305744,0.29032,0.39750107329336953,0.29567,False,/data/suehara/part/march/datasets/20250711_ilc_nnqq_sgv_10m_3cat_parquet,val50k_tail,150000,proxy
12,12,6240000,,lr_9e-6,6.9984e-06,validation_total_reference_mistag_geomean_percent,0.4044949911648435,min,0.9993288441161786,0.9993288441161786,0.5607434615185297,0.29178440607111766,0.4044949911648435,,0.18887258720284472,0.06213669998145456,3.1766763243553466,0.19442774174385213,0.5256294484026796,0.06414111044297455,2.6943524094218465,1.08839443137843,0.018487009338762267,0.020488662037521695,94,49769,0.010200373145026639,0.012202251772404653,31,49890,0.07767752393546164,0.07955911219167042,1581,49769,0.018748710102421576,0.0207452855272064,97,49890,0.03141037408969398,0.03339546298544099,262,49845,0.010378108937719092,0.01237990721354266,32,49890,0.07158106030586316,0.07347913226779697,1343,49845,0.04548211033444157,0.04744284896594491,543,49890,0.88992,0.9722305056314188,0.29061,0.39750107329336953,0.29562,False,/data/suehara/part/march/datasets/20250711_ilc_nnqq_sgv_10m_3cat_parquet,val50k_tail,150000,proxy
13,13,6720000,,lr_14e-6,8.398079999999999e-06,validation_total_reference_mistag_geomean_percent,0.41150179323587366,min,1.0013761277767521,1.0013761277767521,0.5814562650480005,0.2912234952397681,0.41150179323587366,,0.18498410913791466,0.06405252306891651,3.126633648309772,0.19415920201326406,0.5099275429189275,0.07205908845253108,2.7122524502137932,1.1469404580988976,0.018292294380493835,0.020295512069626428,92,49734,0.010363778904996887,0.012362816033777157,32,49959,0.07710185836584497,0.07898678311938911,1555,49734,0.01872283725239069,0.020716665946924263,97,49959,0.030935621099713664,0.032922695398033414,254,49811,0.0110475644302598,0.013046281040009504,36,49959,0.07183939329610395,0.07373804212314414,1351,49811,0.04667027528148411,0.048625962211380075,573,49959,0.89,0.972274392671479,0.2904,0.39750107329336953,0.2942,False,/data/suehara/part/march/datasets/20250711_ilc_nnqq_sgv_10m_3cat_parquet,val50k_tail,150000,proxy
13,13,6720000,,lr_3e-6,5.59872e-06,validation_total_reference_mistag_geomean_percent,0.4021818450101579,min,0.9906860652691265,0.9906860652691265,0.5477629783876151,0.2952923852793039,0.4021818450101579,,0.18047284678952422,0.06825116227763593,3.1061379116511927,0.1987313289860451,0.5259037867945475,0.05821422878831475,2.697766005147433,1.0900112517183196,0.01803339114730799,0.020031366970895814,90,49869,0.010741412691071513,0.012746019505440733,34,49816,0.07675066522185234,0.07863130937337606,1549,49869,0.01897853652037759,0.02097790495559854,99,49816,0.031426727343862246,0.03341284120288862,262,49819,0.00985074989880827,0.011855759665419657,29,49816,0.07164421930964913,0.07354314480492834,1344,49819,0.04554932346632606,0.04751290974244187,543,49816,0.8899,0.9721195281825422,0.29092,0.39750107329336953,0.29508,False,/data/suehara/part/march/datasets/20250711_ilc_nnqq_sgv_10m_3cat_parquet,val50k_tail,150000,proxy
13,13,6720000,,lr_6e-6,6.29856e-06,validation_total_reference_mistag_geomean_percent,0.40118195189273675,min,0.9891809060128427,0.9891809060128427,0.5451306862993448,0.29524472309028327,0.40118195189273675,,0.18047284678952422,0.06825116227763593,3.1041329904242736,0.1987313289860451,0.515867433971196,0.05821422878831475,2.697766005147433,1.0900112517183196,0.01803339114730799,0.020031366970895814,90,49869,0.010741412691071513,0.012746019505440733,34,49816,0.07672635087736211,0.07860707544812585,1548,49869,0.01897853652037759,0.02097790495559854,99,49816,0.031117604165681063,0.033104120928421646,257,49819,0.00985074989880827,0.011855759665419657,29,49816,0.07164421930964913,0.07354314480492834,1344,49819,0.04554932346632606,0.04751290974244187,543,49816,0.88992,0.9721298150043426,0.29087,0.39750107329336953,0.29504,False,/data/suehara/part/march/datasets/20250711_ilc_nnqq_sgv_10m_3cat_parquet,val50k_tail,150000,proxy
13,13,6720000,,lr_9e-6,6.9984e-06,validation_total_reference_mistag_geomean_percent,0.4144436919443668,min,0.9943538145302664,0.9943538145302664,0.5650908213638979,0.30395746541752394,0.4144436919443668,,0.1901787708304024,0.07011358109138054,3.13294495798244,0.20433102199246067,0.5016924541660966,0.06811033641700553,2.669648512844954,1.1178108809173908,0.01852154391347187,0.02051577145208573,95,49953,0.010889032851414866,0.012889428941799234,35,49919,0.07701083319710325,0.07888724169418868,1565,49953,0.019237994135627753,0.021233012925040956,102,49919,0.03073168581632273,0.03272625827994659,249,49632,0.010719255296801988,0.012719731645409797,34,49919,0.07140724176619706,0.07331445476505757,1325,49632,0.0460859912465382,0.04804441228605828,558,49919,0.88963,0.9721833860509069,0.29103,0.39750107329336953,0.29548,False,/data/suehara/part/march/datasets/20250711_ilc_nnqq_sgv_10m_3cat_parquet,val50k_tail,150000,proxy
14,14,7200000,,lr_14e-6,8.398079999999999e-06,validation_total_reference_mistag_geomean_percent,0.40126764112499,min,0.9798357472108576,0.9798357472108576,0.5568164834518444,0.28917197065689787,0.40126764112499,,0.1788225781841257,0.06411412313918775,3.0440023130999023,0.2003566406902521,0.5158260185962144,0.06411412313918775,2.6915279254852202,1.0799222553527716,0.017963438666864538,0.019965454998307174,89,49770,0.010373743430113587,0.012374700549718518,32,49911,0.07606782175317468,0.07795470357547761,1515,49770,0.01904248562795735,0.021037983438711896,100,49911,0.031115111809363813,0.033101470751876506,257,49823,0.010373743430113587,0.012374700549718518,32,49911,0.07155962301005729,0.07345864645220725,1341,49823,0.04529348830480517,0.04725374145989319,539,49911,0.8906,0.9723555709715975,0.28954,0.39750107329336953,0.29369,False,/data/suehara/part/march/datasets/20250711_ilc_nnqq_sgv_10m_3cat_parquet,val50k_tail,150000,proxy
14,14,7200000,,lr_3e-6,5.59872e-06,validation_total_reference_mistag_geomean_percent,0.4005774907948332,min,0.9816163438955522,0.9816163438955522,0.5528561953460405,0.29024243100151753,0.4005774907948332,,0.17430677311181847,0.06834170585970062,3.0553775526069615,0.1949748748502642,0.5236547547781419,0.060301506058085694,2.6664258030077037,1.1095477808917404,0.017699583097196128,0.019696084738855313,87,49912,0.01075565885051054,0.01276292134941337,34,49750,0.0761001012533298,0.0779811591955764,1525,49912,0.018801426089580908,0.020803597910273038,97,49750,0.03135070464900239,0.03333599226214749,261,49842,0.0100479551819139,0.012055540898480885,30,49750,0.07121617721623959,0.07311548400331623,1329,49842,0.04598986816727619,0.047955273978668965,552,49750,0.88977,0.972190482165823,0.29061,0.39750107329336953,0.29495,False,/data/suehara/part/march/datasets/20250711_ilc_nnqq_sgv_10m_3cat_parquet,val50k_tail,150000,proxy
14,14,7200000,,lr_6e-6,6.29856e-06,validation_total_reference_mistag_geomean_percent,0.40097075428573475,min,0.9812956802759657,0.9812956802759657,0.5560929112478035,0.2891199339903582,0.40097075428573475,,0.17658626121380422,0.06412568634523666,3.1103263894483546,0.19838884140262752,0.5123774380361908,0.06612961647002012,2.6623534504138906,1.0600777588776014,0.017834129512460103,0.019833664527353093,88,49834,0.010375613912149449,0.012376931440701011,32,49902,0.07682805924150056,0.07870985611986951,1550,49834,0.018945857258061097,0.02094179382130857,99,49902,0.031024787727596415,0.033013480390447436,255,49768,0.010550568119183708,0.012551805334820294,33,49902,0.07121466986901755,0.07311696433668115,1325,49768,0.04487471734676528,0.04683611935656848,529,49902,0.8901,0.9724391775734081,0.28983,0.39750107329336953,0.2951,False,/data/suehara/part/march/datasets/20250711_ilc_nnqq_sgv_10m_3cat_parquet,val50k_tail,150000,proxy
14,14,7200000,,lr_9e-6,6.9984e-06,validation_total_reference_mistag_geomean_percent,0.39164151397096963,min,0.9635049167273719,0.9635049167273719,0.5303983467405713,0.2891846786628391,0.39164151397096963,,0.18052351378265735,0.0641900024071251,3.008725215898048,0.20059376194292886,0.4739241215199994,0.058172191675667305,2.6306805284241426,1.0912299981684066,0.018038451278063222,0.02003698611767323,90,49855,0.010386017774447214,0.01238933994152214,32,49852,0.07556986301529879,0.07745494303361654,1500,49855,0.01906500299811921,0.02106285292660802,100,49852,0.02979786073452487,0.03178693964805647,236,49797,0.009843637863531193,0.011847201452896678,29,49852,0.0707748958505193,0.07267735456118751,1310,49797,0.04555894488386669,0.04752106431335258,544,49852,0.89032,0.9723629062338324,0.28984,0.39164151397096963,0.29667,False,/data/suehara/part/march/datasets/20250711_ilc_nnqq_sgv_10m_3cat_parquet,val50k_tail,150000,proxy
15,15,7680000,,lr_14e-6,8.398079999999999e-06,validation_total_reference_mistag_geomean_percent,0.40464251858675754,min,1.000365466631535,1.000365466631535,0.5614090254552416,0.2916511142931176,0.40464251858675754,,0.17827096315936536,0.06634632750562268,3.1367678227144165,0.1950179948855388,0.517646103551179,0.06232533765390752,2.710619657803708,1.1359295257785422,0.017908069201694427,0.01990393215725269,89,49924,0.010585134645014387,0.012592921282415619,33,49739,0.07707901407854496,0.07895635938101053,1566,49924,0.018805580623837588,0.020808193490989595,97,49739,0.031165940909224938,0.03315150946126373,258,49841,0.010231332569655874,0.012239280887377387,31,49739,0.07179673049799058,0.07369430203320697,1351,49841,0.04654400281563203,0.048508782487837084,565,49739,0.88943,0.9722137264335932,0.29108,0.39164151397096963,0.29445,False,/data/suehara/part/march/datasets/20250711_ilc_nnqq_sgv_10m_3cat_parquet,val50k_tail,150000,proxy
15,15,7680000,,lr_3e-6,5.59872e-06,validation_total_reference_mistag_geomean_percent,0.412283267692187,min,0.9903826491670968,0.9903826491670968,0.5577228791233555,0.30477052167220203,0.412283267692187,,0.1886906099357169,0.07429569414189516,3.127446449232085,0.1967832000186406,0.501142589197967,0.06626372948155992,2.6821153498677788,1.0863235714611315,0.01846921102142149,0.020468942419405195,94,49817,0.011248079051369191,0.01325304689615964,37,49801,0.07704820071161161,0.07892995242970297,1558,49817,0.01888347653373689,0.020883525399359837,98,49801,0.030638552632505575,0.03262299176072982,250,49886,0.0105719599830184,0.012577250383819828,33,49801,0.07139152900901662,0.07328853162602185,1338,49886,0.04547807661219958,0.04744240239960614,541,49801,0.89007,0.9724242846832025,0.28983,0.39164151397096963,0.29456,False,/data/suehara/part/march/datasets/20250711_ilc_nnqq_sgv_10m_3cat_parquet,val50k_tail,150000,proxy
15,15,7680000,,lr_6e-6,6.29856e-06,validation_total_reference_mistag_geomean_percent,0.4041440984554044,min,0.9779372007416554,0.9779372007416554,0.5512842895327298,0.296276268737447,0.4041440984554044,,0.18633539666272667,0.07024304247037372,3.0555000609598744,0.19266662652778613,0.4802378912796402,0.0662291543292095,2.6945565217623697,1.077728911941263,0.01833161111510662,0.020327710756318965,93,49910,0.010909132770493856,0.01291321709894687,35,49827,0.07610310449576337,0.07798423290834508,1525,49910,0.01867063525726495,0.02066980573865989,96,49827,0.030009974245601926,0.03199999844152478,239,49767,0.01056644487979065,0.012570690317983274,33,49827,0.07163907480960477,0.07354011336313596,1341,49767,0.045284277548806456,0.04724792333261722,537,49827,0.89022,0.972493138972145,0.28952,0.39164151397096963,0.29454,False,/data/suehara/part/march/datasets/20250711_ilc_nnqq_sgv_10m_3cat_parquet,val50k_tail,150000,proxy
15,15,7680000,,lr_9e-6,6.9984e-06,validation_total_reference_mistag_geomean_percent,0.3930001606968652,min,0.9563502661817408,0.9563502661817408,0.5457281504160193,0.2830147687818968,0.3930001606968652,,0.1766358926635084,0.06423123243677238,2.934564486781452,0.19269370486461043,0.49133642442842296,0.06222400535588265,2.6231348073990604,1.1059815755242173,0.017839137336658827,0.019839232240847743,88,49820,0.010392687202972019,0.012397294447610363,32,49820,0.07467446095887412,0.07656384236703756,1462,49820,0.018673256419892544,0.0206727067040173,96,49820,0.03033569095714332,0.03232139891121526,245,49864,0.010214701867383779,0.012219389689530156,31,49820,0.07062773280607816,0.07252793796292158,1308,49864,0.04588353642662364,0.04784632394459719,551,49820,0.89045,0.9725238889947251,0.28882,0.39164151397096963,0.29446,False,/data/suehara/part/march/datasets/20250711_ilc_nnqq_sgv_10m_3cat_parquet,val50k_tail,150000,proxy
16,16,8160000,,lr_14e-6,8.398079999999999e-06,validation_total_reference_mistag_geomean_percent,0.405815111329183,min,0.9909028054692393,0.9909028054692393,0.5592709079400654,0.29446535166596916,0.405815111329183,,0.18432441456972895,0.06833758969517197,3.093444579521459,0.19295318117778462,0.5036216634469236,0.06431772958414568,2.7027027027027026,1.1175205830559967,0.01822711044746669,0.020223210685442233,92,49912,0.010755010478057884,0.012762152111386524,34,49753,0.07656400436328696,0.07844353697153521,1544,49912,0.01869838197477744,0.020700514338456648,96,49753,0.030730294812453176,0.03271650582121122,251,49839,0.01040667909832163,0.012413982320993805,32,49753,0.07169465272648216,0.07359261810759334,1347,49839,0.046155151348878376,0.048120118163545375,556,49753,0.88992,0.9722719690754446,0.29039,0.39164151397096963,0.29452,False,/data/suehara/part/march/datasets/20250711_ilc_nnqq_sgv_10m_3cat_parquet,val50k_tail,150000,proxy
16,16,8160000,,lr_3e-6,5.59872e-06,validation_total_reference_mistag_geomean_percent,0.4060584769385175,min,0.9939104013399762,0.9939104013399762,0.5606847672592494,0.2940752028980836,0.4060584769385175,,0.18432441456972895,0.06833758969517197,3.1094726681001132,0.19094327071231607,0.5056281374158033,0.06431772958414568,2.7047090666213514,1.1235503340211799,0.01822711044746669,0.020223210685442233,92,49912,0.010755010478057884,0.012762152111386524,34,49753,0.07675839429888733,0.0786372846612423,1552,49912,0.018595936906085183,0.02059815006443611,95,49753,0.030793083017703702,0.032779213510378005,252,49839,0.01040667909832163,0.012413982320993805,32,49753,0.07172089864729524,0.07361878351232302,1348,49839,0.04628077324108221,0.04824549767173392,559,49753,0.8899,0.9722368700068144,0.29056,0.39164151397096963,0.29465,False,/data/suehara/part/march/datasets/20250711_ilc_nnqq_sgv_10m_3cat_parquet,val50k_tail,150000,proxy
16,16,8160000,,lr_6e-6,6.29856e-06,validation_total_reference_mistag_geomean_percent,0.412515360972255,min,0.9680960607686583,0.9680960607686583,0.5695848318132489,0.29875957633272004,0.412515360972255,,0.1911661050734509,0.07010234925876949,2.968105524086136,0.2002924313507288,0.49316387547521845,0.07210527510996671,2.6201836219532733,1.129649303841723,0.018617622786868803,0.020622163751401502,95,49695,0.010887288532163412,0.012887364547648493,35,49927,0.07518604977793039,0.07707883368636564,1475,49695,0.01903638838756539,0.021031249290187452,100,49927,0.030388275583522438,0.032373193737333245,246,49882,0.011054643226134487,0.013054639009113989,36,49927,0.0705759201387577,0.07247555794589085,1307,49882,0.04632822085332746,0.04828585387335795,564,49927,0.8905,0.9724608841854988,0.28939,0.39164151397096963,0.29497,False,/data/suehara/part/march/datasets/20250711_ilc_nnqq_sgv_10m_3cat_parquet,val50k_tail,150000,proxy
16,16,8160000,,lr_9e-6,6.9984e-06,validation_total_reference_mistag_geomean_percent,0.40580760238124725,min,0.9904026966107615,0.9904026966107615,0.5595222076768667,0.29432220542981874,0.40580760238124725,,0.18432441456972895,0.06833758969517197,3.0874337920796884,0.19295318117778462,0.5036216634469236,0.06431772958414568,2.7027027027027026,1.1195304996299464,0.01822711044746669,0.020223210685442233,92,49912,0.010755010478057884,0.012762152111386524,34,49753,0.07649096559933406,0.07837073904979307,1541,49912,0.01869838197477744,0.020700514338456648,96,49753,0.030730294812453176,0.03271650582121122,251,49839,0.01040667909832163,0.012413982320993805,32,49753,0.07169465272648216,0.07359261810759334,1347,49839,0.04619706412730268,0.04816195014729803,557,49753,0.88994,0.9722552449397955,0.29047,0.39164151397096963,0.29458,False,/data/suehara/part/march/datasets/20250711_ilc_nnqq_sgv_10m_3cat_parquet,val50k_tail,150000,proxy
17,17,8640000,,lr_14e-6,8.398079999999999e-06,validation_total_reference_mistag_geomean_percent,0.40655104306262657,min,0.971365335667147,0.971365335667147,0.5643369326877122,0.2928813285852636,0.40655104306262657,,0.18488003165889996,0.06609649830563176,3.0063098974941265,0.2002924313507288,0.49784203375641856,0.07010234925876949,2.6477969653320046,1.0976024781805953,0.018282009844510404,0.020284104572362915,92,49762,0.01054528646293924,0.0125455229434355,33,49927,0.07560973900412986,0.0774984390408729,1496,49762,0.01903638838756539,0.021031249290187452,100,49927,0.03055584644279302,0.03254324639399503,248,49815,0.010887288532163412,0.012887364547648493,35,49927,0.0709891724661179,0.07289025658172958,1319,49815,0.045659587723301774,0.04761850446342152,548,49927,0.89044,0.9724065409000723,0.28964,0.39164151397096963,0.2944,False,/data/suehara/part/march/datasets/20250711_ilc_nnqq_sgv_10m_3cat_parquet,val50k_tail,150000,proxy
17,17,8640000,,lr_3e-6,5.59872e-06,validation_total_reference_mistag_geomean_percent,0.4001984136127071,min,0.993069307859335,0.993069307859335,0.5525730593519721,0.2898418001882917,0.4001984136127071,,0.1845240582363514,0.06206330487401498,3.140920256182267,0.19620011957142297,0.5271947833329673,0.06206330487401498,2.7265226362723074,1.045065999531334,0.018246836205949468,0.020245090320620933,92,49858,0.010188327262310538,0.012187844247112525,31,49949,0.07717945520487532,0.07905911904837817,1566,49858,0.018827571581158525,0.020821717722334637,98,49949,0.03150368980924549,0.03349462727954651,262,49697,0.010188327262310538,0.012187844247112525,31,49949,0.07210701398577442,0.07400944375245654,1355,49697,0.04453167346420862,0.04649183098303627,522,49949,0.89038,0.9722592424418716,0.29025,0.39164151397096963,0.29564,False,/data/suehara/part/march/datasets/20250711_ilc_nnqq_sgv_10m_3cat_parquet,val50k_tail,150000,proxy
17,17,8640000,,lr_6e-6,6.29856e-06,validation_total_reference_mistag_geomean_percent,0.413216225031294,min,1.0001600577522414,1.0001600577522414,0.5498460021909521,0.31053721941914797,0.413216225031294,,0.19114304450597328,0.07414086601635932,3.1488299753853517,0.20839595027039706,0.511042513939898,0.06011421701232342,2.709527553626669,1.0980863412609596,0.018615377074680913,0.020619676980706735,95,49701,0.011224645284575166,0.013225441146088885,37,49905,0.07739519159074178,0.07928047467780364,1565,49701,0.01944005523275647,0.021435470775885146,104,49905,0.030944147297180813,0.032927712397613426,255,49898,0.01001675433634795,0.012018112320677997,30,49905,0.07174198465407719,0.07363743236100673,1352,49898,0.04567961139325602,0.04763937228917693,548,49905,0.89012,0.9723350022128919,0.29021,0.39164151397096963,0.29513,False,/data/suehara/part/march/datasets/20250711_ilc_nnqq_sgv_10m_3cat_parquet,val50k_tail,150000,proxy
17,17,8640000,,lr_9e-6,6.9984e-06,validation_total_reference_mistag_geomean_percent,0.4111215562691122,min,0.9987160458570674,0.9987160458570674,0.5579477331633803,0.3029332748980691,0.4111215562691122,,0.18888018627939465,0.0700280112044818,3.150682132585277,0.2020808381322496,0.5064614092495823,0.06402561024409764,2.7011275855787087,1.1064425935827478,0.018487751679782713,0.020489484512862307,94,49767,0.010875746517399894,0.012873704621031094,35,49980,0.07736677860419316,0.07924948708438184,1568,49767,0.01911562333446258,0.021108297317282705,101,49980,0.03084371283880215,0.03283308293396603,252,49757,0.010359425442273444,0.012357623733214224,32,49980,0.07173230246589647,0.07363345896416566,1344,49757,0.04582121991657372,0.04777770567808166,553,49980,0.8899,0.9722712909520722,0.29055,0.39164151397096963,0.29392,False,/data/suehara/part/march/datasets/20250711_ilc_nnqq_sgv_10m_3cat_parquet,val50k_tail,150000,proxy
18,18,9120000,,lr_14e-6,8.398079999999999e-06,validation_total_reference_mistag_geomean_percent,0.3962238315819438,min,0.9707333873539757,0.9707333873539757,0.5514654261446849,0.2846838936232552,0.3962238315819438,,0.17469528553040237,0.06420674572122234,3.0400997347172494,0.192620237163667,0.49133642442842296,0.0662132074980638,2.673271254369596,1.0634242094031812,0.017739003830804373,0.01973993972545752,87,49801,0.010388726197120144,0.01239257022819071,32,49839,0.07599654175588152,0.07788240579361602,1514,49801,0.018666143547215235,0.02066483454893416,96,49839,0.03033569095714332,0.03232139891121526,245,49864,0.010563901387815777,0.01256766490280272,33,49839,0.07129080589630167,0.07318900016892067,1333,49864,0.04497408651312745,0.04693783353455546,530,49839,0.89023,0.9723981558987642,0.2895,0.39164151397096963,0.29495,False,/data/suehara/part/march/datasets/20250711_ilc_nnqq_sgv_10m_3cat_parquet,val50k_tail,150000,proxy
18,18,9120000,,lr_3e-6,5.59872e-06,validation_total_reference_mistag_geomean_percent,0.39359796833718935,min,0.9705148103782458,0.9705148103782458,0.536358459720231,0.2888354940089326,0.39359796833718935,,0.18266123053287714,0.06412311638345623,3.05706646913161,0.19437319035641332,0.4841204488958403,0.06011542131539323,2.647596399105685,1.0740622073046915,0.018156581274966256,0.02015647444101741,91,49819,0.010375198191184395,0.012376435617639323,32,49904,0.07619090010058636,0.07807540164289847,1523,49819,0.018743454757857644,0.020739472263256432,97,49904,0.030130291822211795,0.032119600389663404,241,49781,0.01001695501108373,0.012018353050494233,30,49904,0.07101043747503415,0.07291282803899117,1318,49781,0.045172176842238516,0.04713293980388878,536,49904,0.89034,0.9724815855409692,0.28921,0.39164151397096963,0.29338,False,/data/suehara/part/march/datasets/20250711_ilc_nnqq_sgv_10m_3cat_parquet,val50k_tail,150000,proxy
18,18,9120000,,lr_6e-6,6.29856e-06,validation_total_reference_mistag_geomean_percent,0.39555400024141574,min,0.9742457349835354,0.9742457349835354,0.5488788158399518,0.285059219980188,0.39555400024141574,,0.17469528553040237,0.06420674572122234,3.05616369987191,0.192620237163667,0.49334188692130604,0.06420674572122234,2.6792876968769614,1.0694435820615917,0.017739003830804373,0.01973993972545752,87,49801,0.010388726197120144,0.01239257022819071,32,49839,0.07619344716000287,0.07807866608571488,1522,49801,0.018666143547215235,0.02066483454893416,96,49839,0.030399220497779114,0.032384848016482094,246,49864,0.010388726197120144,0.01239257022819071,32,49839,0.07136992052103747,0.07326787348754943,1336,49864,0.0451026246797678,0.04706613015294497,533,49839,0.89017,0.97237453417014,0.28961,0.39164151397096963,0.29505,False,/data/suehara/part/march/datasets/20250711_ilc_nnqq_sgv_10m_3cat_parquet,val50k_tail,150000,proxy
18,18,9120000,,lr_9e-6,6.9984e-06,validation_total_reference_mistag_geomean_percent,0.391907115163534,min,0.9558760064998738,0.9558760064998738,0.5398926840608067,0.2844846604709778,0.391907115163534,,0.18253300417083013,0.0662291543292095,2.9666625058126526,0.18263191042297167,0.4877265361607223,0.06221526283480291,2.637336280698281,1.0616733975695203,0.018143844393801255,0.020142338707456842,91,49854,0.01056644487979065,0.012570690317983274,33,49827,0.0750496122771057,0.0769364175060714,1479,49854,0.018153668411522685,0.020153241667266678,91,49827,0.03023304000034123,0.03222052689212055,243,49823,0.010213267183889985,0.01221767373182222,31,49827,0.07084498662490342,0.07274618539778212,1314,49823,0.04494192365437164,0.046906213877140855,529,49827,0.89032,0.9724168994758887,0.28922,0.39164151397096963,0.29502,False,/data/suehara/part/march/datasets/20250711_ilc_nnqq_sgv_10m_3cat_parquet,val50k_tail,150000,proxy
19,19,9600000,,lr_14e-6,8.398079999999999e-06,validation_total_reference_mistag_geomean_percent,0.3981903121207754,min,0.9719301797362982,0.9719301797362982,0.5412264577914397,0.2929559750531255,0.3981903121207754,,0.17656854381387194,0.06615347655011881,3.0839302322900237,0.20447437455851555,0.4841204488958403,0.06414882527463715,2.65563179042812,1.040413746079259,0.0178323416851326,0.019831676815520526,88,49839,0.010554374188853079,0.012556332554050458,33,49884,0.07650364025245347,0.07838630757767695,1537,49839,0.019251480140479234,0.02124789291463726,102,49884,0.030130291822211795,0.032119600389663404,241,49781,0.010379356900542364,0.012381395636624387,32,49884,0.07111671940414031,0.07301878715285683,1322,49781,0.0444595959845551,0.046422494099823165,519,49884,0.8903,0.9724419016529255,0.28959,0.39164151397096963,0.2945,False,/data/suehara/part/march/datasets/20250711_ilc_nnqq_sgv_10m_3cat_parquet,val50k_tail,150000,proxy
19,19,9600000,,lr_3e-6,5.59872e-06,validation_total_reference_mistag_geomean_percent,0.39710385976761675,min,0.9763620725874846,0.9763620725874846,0.5474583100410665,0.2880428930387597,0.39710385976761675,,0.1848168824988091,0.06409999599375026,3.0534962895938564,0.19029685798794987,0.48591451445695033,0.06209687157446724,2.6444189428457525,1.125756225748341,0.01827577130219327,0.020277184846160482,92,49779,0.010371458201065123,0.012371974997091263,32,49922,0.07617741632163257,0.078063575564127,1520,49779,0.01853303582385287,0.020528496959477494,95,49922,0.030181149779914297,0.03216950756229561,242,49803,0.010193836252218511,0.012194433296822441,31,49922,0.07095289193088036,0.07285456974748597,1317,49803,0.04624978926338133,0.04820777431317272,562,49922,0.89009,0.9723006785700866,0.29001,0.39164151397096963,0.29528,False,/data/suehara/part/march/datasets/20250711_ilc_nnqq_sgv_10m_3cat_parquet,val50k_tail,150000,proxy
19,19,9600000,,lr_6e-6,6.29856e-06,validation_total_reference_mistag_geomean_percent,0.4126019470201682,min,0.9773387977507483,0.9773387977507483,0.5585170624428815,0.3048078172226724,0.4126019470201682,,0.19813473512690982,0.0722702901795068,3.0640836526255995,0.19673578776358397,0.4866767270485131,0.06825527372389426,2.6103569464766494,1.1221969690613296,0.018921610752686682,0.020915001000985835,99,49966,0.011079935329288157,0.013084501503821913,36,49813,0.07616578862478796,0.07804446520825944,1531,49966,0.01887893133463614,0.02087850029951102,98,49813,0.030228387680503958,0.03221983373600913,242,49725,0.010742059425009531,0.012746786799854873,34,49813,0.07055474032207874,0.07246077109216674,1298,49725,0.046225324685401394,0.04818773697845783,559,49813,0.88995,0.9722955772719336,0.29044,0.39164151397096963,0.29438,False,/data/suehara/part/march/datasets/20250711_ilc_nnqq_sgv_10m_3cat_parquet,val50k_tail,150000,proxy
19,19,9600000,,lr_9e-6,6.9984e-06,validation_total_reference_mistag_geomean_percent,0.40422772652729244,min,0.9782808656345524,0.9782808656345524,0.5499195011306373,0.2971344979719253,0.40422772652729244,,0.18471669989365036,0.07022049337782689,3.087981510559925,0.19461108784319744,0.4914251426618377,0.06420159300202637,2.6316317835714154,1.10145861416654,0.018265871775416928,0.020266204391282166,92,49806,0.01090563180373604,0.012909073722829772,35,49843,0.07657799160897087,0.0784617436370913,1538,49806,0.01876637461899406,0.02076482534209864,97,49843,0.030341154981356182,0.032327217837065186,245,49855,0.010387892685857216,0.012391576114434302,32,49843,0.0707468863000757,0.07264709362789917,1312,49855,0.04577828864662896,0.04774035194090934,549,49843,0.89003,0.9723848301782875,0.28974,0.39164151397096963,0.29589,False,/data/suehara/part/march/datasets/20250711_ilc_nnqq_sgv_10m_3cat_parquet,val50k_tail,150000,proxy
20,20,10080000,,lr_14e-6,8.398079999999999e-06,validation_total_reference_mistag_geomean_percent,0.39615364134270487,min,0.9631635014836774,0.9631635014836774,0.5615925069629374,0.279451213474687,0.39615364134270487,,0.1908588578709592,0.06013590626726696,2.9452535447777546,0.18040772542349404,0.5256610687644984,0.06614949689399366,2.6624132080655243,1.0744282038059279,0.01858772443690678,0.020589056047928454,95,49775,0.010020367712222438,0.012022446933391856,30,49887,0.07484146334423743,0.07673212335543127,1466,49775,0.018026889434884816,0.020024146982934435,90,49887,0.03141226013500886,0.0333974672417625,262,49842,0.010553739653222096,0.012555577790735547,33,49887,0.07116327204890124,0.07306273984876085,1327,49842,0.04518749183229035,0.047148908276816066,536,49887,0.89048,0.9724707785610361,0.28896,0.39164151397096963,0.29384,False,/data/suehara/part/march/datasets/20250711_ilc_nnqq_sgv_10m_3cat_parquet,val50k_tail,150000,proxy
20,20,10080000,,lr_3e-6,5.59872e-06,validation_total_reference_mistag_geomean_percent,0.40343325844570155,min,0.9787828910304164,0.9787828910304164,0.560561567228967,0.2903488279167664,0.40343325844570155,,0.19891501233475828,0.062195291849812644,3.0460116900273166,0.18859217621028948,0.5171273173515405,0.06620789359408726,2.6718244641985165,1.0793892826770093,0.018996062445468705,0.020997271382036577,99,49770,0.010209989420192911,0.012213753351931122,31,49843,0.07609247177174996,0.07797927285456557,1516,49770,0.018459584567870835,0.02045827680045877,94,49843,0.031134780790597477,0.03311838027197332,258,49891,0.010563053829248633,0.012566656754664614,33,49843,0.07125273304223328,0.07314995806517871,1333,49891,0.045312410418820066,0.04727535924787269,538,49843,0.89016,0.9723856053562683,0.28964,0.39164151397096963,0.29396,False,/data/suehara/part/march/datasets/20250711_ilc_nnqq_sgv_10m_3cat_parquet,val50k_tail,150000,proxy
20,20,10080000,,lr_6e-6,6.29856e-06,validation_total_reference_mistag_geomean_percent,0.39836816522992125,min,0.9653904480779703,0.9653904480779703,0.5399986931674899,0.2938844057895362,0.39836816522992125,,0.18873606049875438,0.068163591955032,2.98162847160376,0.19446671917647904,0.48977299198192525,0.06014434790333587,2.6515987539071895,1.0886126475972857,0.018473657387121555,0.020473868764438553,94,49805,0.010727634227966144,0.012729672535433036,34,49880,0.0752719834098553,0.07716004395073167,1485,49805,0.018752465724623066,0.0207494398542465,97,49880,0.03029931261840351,0.03228687693080101,244,49819,0.010021773618081953,0.012024133460650016,30,49880,0.07103664914612576,0.07293742799849012,1321,49819,0.04549118159669491,0.0474523045625376,543,49880,0.89045,0.9723252892057959,0.28981,0.39164151397096963,0.29479,False,/data/suehara/part/march/datasets/20250711_ilc_nnqq_sgv_10m_3cat_parquet,val50k_tail,150000,proxy
20,20,10080000,,lr_9e-6,6.9984e-06,validation_total_reference_mistag_geomean_percent,0.40230515997344135,min,0.9670981313009238,0.9670981313009238,0.5458680261293805,0.29649921591651357,0.40230515997344135,,0.1907783848928298,0.07010936873240259,3.0363886175272032,0.19029685798794987,0.5081749906659601,0.06409999599375026,2.647330628816765,1.0296062057905295,0.018579892025543634,0.020580382883395594,95,49796,0.010888378666199168,0.01288865471649191,35,49922,0.07595473728752994,0.07784093973085271,1512,49796,0.01853303582385287,0.020528496959477494,95,49922,0.0308885164327752,0.03287665892021353,253,49786,0.010371458201065123,0.012371974997091263,32,49922,0.07100339895569838,0.0729056091481238,1318,49786,0.04420886101244668,0.04617069799397241,514,49922,0.89079,0.9723732793533912,0.28937,0.39164151397096963,0.29366,False,/data/suehara/part/march/datasets/20250711_ilc_nnqq_sgv_10m_3cat_parquet,val50k_tail,150000,proxy
21,21,10560000,,lr_14e-6,8.398079999999999e-06,validation_total_reference_mistag_geomean_percent,0.3957061881220934,min,0.987759806255924,0.987759806255924,0.5570876360055518,0.2810749641490107,0.3957061881220934,,0.17625732881501802,0.05825047762262963,3.1526028179129666,0.19282916541126846,0.508113763334633,0.06628502609770617,2.6811535800739756,1.0665862907791943,0.01780093449195977,0.019796758184648836,88,49927,0.009856882391535135,0.01186313915138525,29,49785,0.07726728800258494,0.07914388619197285,1574,49927,0.018686373280289756,0.020687223753699472,96,49785,0.030884802972499636,0.032872708350636506,253,49792,0.010575356755163696,0.012581290751644242,33,49785,0.07144535957514485,0.07334598200805821,1335,49792,0.045065555868605174,0.04703130582557353,531,49785,0.89008,0.972373445675904,0.28995,0.39164151397096963,0.29381,False,/data/suehara/part/march/datasets/20250711_ilc_nnqq_sgv_10m_3cat_parquet,val50k_tail,150000,proxy
21,21,10560000,,lr_3e-6,5.59872e-06,validation_total_reference_mistag_geomean_percent,0.396183518757202,min,0.989512368871187,0.989512368871187,0.5530785441762556,0.28379582283130045,0.396183518757202,,0.1782602564928339,0.06025911419102139,3.164620340385252,0.19082053528980286,0.508113763334633,0.06427638847042282,2.6811535800739756,1.0685949727315551,0.01790699396500377,0.01990273742518726,89,49927,0.01004089285170218,0.012047068920709897,30,49785,0.07741155942797319,0.07928767622232755,1580,49927,0.018583993893803663,0.020584925058055818,95,49785,0.030884802972499636,0.032872708350636506,253,49792,0.010399991705101457,0.012406006392424378,32,49785,0.07144535957514485,0.07334598200805821,1335,49792,0.04510844763922165,0.047074116905347456,532,49785,0.89002,0.9723374005202908,0.29013,0.39164151397096963,0.29394,False,/data/suehara/part/march/datasets/20250711_ilc_nnqq_sgv_10m_3cat_parquet,val50k_tail,150000,proxy
21,21,10560000,,lr_6e-6,6.29856e-06,validation_total_reference_mistag_geomean_percent,0.40158821687895574,min,0.9796444420659189,0.9796444420659189,0.5591833373056297,0.2884082646544832,0.40158821687895574,,0.17874715525386153,0.0641706940461628,3.100961893907177,0.19451742013673207,0.5015447510987745,0.06818136042121965,2.650162460749604,1.0788698009138193,0.01795586813233469,0.01995704313381519,89,49791,0.010382894425657553,0.012385614779630199,32,49867,0.07674720118705479,0.07863099930638176,1544,49791,0.018757350283452285,0.020754842967484984,97,49867,0.030663082866269533,0.032649098283131076,250,49846,0.010730430116698102,0.01273298961928797,34,49867,0.07099867345929482,0.07289848036841733,1321,49846,0.045290713914789005,0.04725273886892166,538,49867,0.8901,0.9723595913461108,0.28986,0.39164151397096963,0.29657,False,/data/suehara/part/march/datasets/20250711_ilc_nnqq_sgv_10m_3cat_parquet,val50k_tail,150000,proxy
21,21,10560000,,lr_9e-6,6.9984e-06,validation_total_reference_mistag_geomean_percent,0.41023186195535644,min,0.9836422537235792,0.9836422537235792,0.5617550133859056,0.2995793122503907,0.41023186195535644,,0.18470928636534537,0.07202592792729742,3.0878574749476146,0.1960705822981557,0.49885345761028216,0.06802448815143287,2.657199259028374,1.1043975534601316,0.018265138903751775,0.020265391497313254,92,49808,0.01104248214284614,0.013040280357065604,36,49982,0.07657496383550177,0.07845864520343547,1538,49808,0.018815151390175113,0.02080798613057046,98,49982,0.03061778292195328,0.032609179746183846,248,49714,0.01070574771480263,0.012703706041080925,34,49982,0.07118471925832669,0.07308928732915852,1321,49714,0.04577751646372176,0.04773400576675996,552,49982,0.89022,0.9722921720262542,0.29017,0.39164151397096963,0.29483,False,/data/suehara/part/march/datasets/20250711_ilc_nnqq_sgv_10m_3cat_parquet,val50k_tail,150000,proxy
22,22,11040000,,lr_14e-6,8.398079999999999e-06,validation_total_reference_mistag_geomean_percent,0.4026671064929134,min,0.9831347765099481,0.9831347765099481,0.5489889909110025,0.2953443535949889,0.4026671064929134,,0.18075192757743325,0.07019232886614112,3.0828244469164052,0.19453300976072702,0.5015145838383986,0.06217034614129486,2.6901242524125983,1.0829673165665858,0.01806125705243484,0.020062311340064785,90,49792,0.010901258753957192,0.012903898240280976,35,49863,0.07652582965150534,0.07841031845313949,1535,49792,0.018758853736605553,0.020756506030024595,97,49863,0.030661241736325544,0.03264713884469023,250,49849,0.010205895172963546,0.012208856413668258,31,49863,0.07152279453272979,0.07342088383363206,1341,49849,0.04537936319602663,0.04734138119175564,540,49863,0.89032,0.9723871271867196,0.28971,0.39164151397096963,0.29479,False,/data/suehara/part/march/datasets/20250711_ilc_nnqq_sgv_10m_3cat_parquet,val50k_tail,150000,proxy
22,22,11040000,,lr_3e-6,5.59872e-06,validation_total_reference_mistag_geomean_percent,0.4001359480529268,min,0.9771921404249033,0.9771921404249033,0.5448904282506187,0.2938366479261654,0.4001359480529268,,0.19641640757939077,0.06615480142778729,3.0444541121801625,0.18844094675473613,0.5107889115097337,0.06014072724616476,2.6806362216183763,1.070504995082874,0.018848308378542754,0.020844644027294197,98,49894,0.010554585717686396,0.012556584161987678,33,49883,0.0759799347013361,0.07786210909784957,1519,49894,0.01844479421844098,0.020441889842215073,94,49883,0.030987756220613068,0.03297815241963837,254,49727,0.010021171038694774,0.01202341060531708,30,49883,0.07148461890609942,0.07338774646907936,1333,49727,0.04510576854823128,0.04706749956492392,534,49883,0.89036,0.9723315278338918,0.28987,0.39164151397096963,0.29509,False,/data/suehara/part/march/datasets/20250711_ilc_nnqq_sgv_10m_3cat_parquet,val50k_tail,150000,proxy
22,22,11040000,,lr_6e-6,6.29856e-06,validation_total_reference_mistag_geomean_percent,0.4072719619904708,min,0.9900078354455466,0.9900078354455466,0.5598848145621991,0.2962581708047745,0.4072719619904708,,0.1884900718859994,0.06815403077181112,3.084018395593735,0.19443944025556253,0.5186242497829108,0.06414496762683665,2.7137315682787486,1.0884599593687676,0.01844959848163834,0.020447212723414425,94,49870,0.010726129352814959,0.01272788712910971,34,49887,0.07648122142395637,0.07836271493930728,1538,49870,0.01874983663112087,0.020746531650639898,97,49887,0.03122469109964462,0.03321397210637256,258,49747,0.01037873288161626,0.012380651380348344,32,49887,0.07190431615777676,0.07380534809951073,1350,49747,0.04548483133324753,0.047445685249242545,543,49887,0.89011,0.9722182487236344,0.2906,0.39164151397096963,0.29428,False,/data/suehara/part/march/datasets/20250711_ilc_nnqq_sgv_10m_3cat_parquet,val50k_tail,150000,proxy
22,22,11040000,,lr_9e-6,6.9984e-06,validation_total_reference_mistag_geomean_percent,0.40112742901320153,min,0.9836366531207155,0.9836366531207155,0.544709988558306,0.29539244311015217,0.40112742901320153,,0.18075192757743325,0.07019232886614112,3.084832783879659,0.19453300976072702,0.5015145838383986,0.06016485257738311,2.6941364218993957,1.0829673165665858,0.01806125705243484,0.020062311340064785,90,49792,0.010901258753957192,0.012903898240280976,35,49863,0.07655029274689154,0.07843470088036847,1536,49792,0.018758853736605553,0.020756506030024595,97,49863,0.030661241736325544,0.03264713884469023,250,49849,0.010025189603896133,0.012028231283196085,30,49863,0.07157539280739297,0.07347332114072888,1343,49849,0.04537936319602663,0.04734138119175564,540,49863,0.89033,0.9723717522568807,0.28979,0.39164151397096963,0.29485,False,/data/suehara/part/march/datasets/20250711_ilc_nnqq_sgv_10m_3cat_parquet,val50k_tail,150000,proxy
23,23,11520000,,lr_14e-6,8.398079999999999e-06,validation_total_reference_mistag_geomean_percent,0.4024860676309063,min,0.9702012340460111,0.9702012340460111,0.5429787262707821,0.2983450857266256,0.4024860676309063,,0.17859651956980302,0.07424798537082664,3.03814744212611,0.19665683382497542,0.5116577888804215,0.06020107246388101,2.6285164921000317,1.0735857380320402,0.01794074619034861,0.019940240651465484,89,49833,0.01124085824684665,0.013244540552570409,37,49833,0.07594847669408558,0.07783320810587843,1514,49833,0.018871360863141378,0.02087013050499939,98,49833,0.03098131380466062,0.03296724218319214,255,49838,0.01003122349836587,0.01203546955240209,30,49833,0.0707174258257233,0.07261840632721353,1310,49838,0.04519352268922694,0.04715709832929203,535,49833,0.89037,0.9724271981298717,0.28938,0.39164151397096963,0.29472,False,/data/suehara/part/march/datasets/20250711_ilc_nnqq_sgv_10m_3cat_parquet,val50k_tail,150000,proxy
23,23,11520000,,lr_3e-6,5.59872e-06,validation_total_reference_mistag_geomean_percent,0.3971569754876317,min,0.9847553539542491,0.9847553539542491,0.5365169628494236,0.29399566854469067,0.3971569754876317,,0.18036794444174117,0.06836781685169875,3.1384023412550426,0.19303854738493093,0.4932330971931713,0.06032454783467127,2.720802058702583,1.0235064779701537,0.018022918473607135,0.02001973732967163,90,49898,0.010759767025469373,0.012767795344504772,34,49731,0.07711855058300972,0.07899680857051394,1566,49898,0.018706646909483118,0.020709661525931913,96,49731,0.03039253100244289,0.03237772496014957,246,49875,0.010051793180302249,0.01206014496402066,30,49731,0.07190539699169565,0.07380126666829273,1357,49875,0.04415884758278907,0.04612846447071689,509,49731,0.89018,0.9723693712614453,0.28983,0.39164151397096963,0.29545,False,/data/suehara/part/march/datasets/20250711_ilc_nnqq_sgv_10m_3cat_parquet,val50k_tail,150000,proxy
23,23,11520000,,lr_6e-6,6.29856e-06,validation_total_reference_mistag_geomean_percent,0.40784813379074414,min,0.9849478239883434,0.9849478239883434,0.5568599905477352,0.2987108125203578,0.40784813379074414,,0.18254398620402432,0.07025009014942293,3.0932179040470458,0.20071454328406554,0.5097228529764257,0.06422865400826944,2.6509602985970875,1.1079442626404055,0.018144935426222825,0.020143549564830606,91,49851,0.01091022728362379,0.012914512449498105,35,49822,0.0766075098426456,0.0784893513820422,1542,49851,0.019076472943603845,0.021075520991943902,100,49822,0.030923233821946068,0.03290951882502519,254,49831,0.010392270112753798,0.012396796991745083,32,49822,0.07101976605023812,0.07292011280550965,1321,49831,0.04592375539515178,0.04788638533386909,552,49822,0.89012,0.9722539918811964,0.29048,0.39164151397096963,0.29481,False,/data/suehara/part/march/datasets/20250711_ilc_nnqq_sgv_10m_3cat_parquet,val50k_tail,150000,proxy
23,23,11520000,,lr_9e-6,6.9984e-06,validation_total_reference_mistag_geomean_percent,0.4038975425095555,min,0.9696946431917208,0.9696946431917208,0.5465341786035611,0.2984867758171625,0.4038975425095555,,0.1785857542980917,0.07424947933821525,3.043984286341493,0.1966607758858167,0.511678322229767,0.06220902170542023,2.620595644083476,1.0695938616514875,0.01793966702621501,0.019939041556732644,89,49836,0.011241083756653865,0.01324480621051992,37,49832,0.07601783048018992,0.07790221420038226,1517,49836,0.018871739242514503,0.020870548835345663,98,49832,0.030982554225893882,0.03296856147734003,255,49836,0.01021224265668225,0.012216448342781246,31,49832,0.07061353160523094,0.07251490626448386,1306,49836,0.045108928244394324,0.04707270350033776,533,49832,0.89043,0.9724116090431562,0.28944,0.39164151397096963,0.29383,False,/data/suehara/part/march/datasets/20250711_ilc_nnqq_sgv_10m_3cat_parquet,val50k_tail,150000,proxy
24,24,12000000,,lr_14e-6,8.398079999999999e-06,validation_total_reference_mistag_geomean_percent,0.4053129287036722,min,0.9829305670646025,0.9829305670646025,0.5700215846665713,0.2881971044490205,0.4053129287036722,,0.17660398216972392,0.06415911460421846,3.0985973428638904,0.19648728607092947,0.5020181149670202,0.07217900322312026,2.656679794806186,1.0967198978117312,0.01783591769830967,0.019835652637678353,88,49829,0.010381021317923216,0.012383380757560552,32,49876,0.07668957397846503,0.07857203044234519,1544,49829,0.018855104891425233,0.02085215815090455,98,49876,0.03069195612951615,0.03267982688803768,250,49799,0.011065943826192928,0.013067981679154008,36,49876,0.07111788447531214,0.07301922263382582,1323,49799,0.04566386851523659,0.04762482367030741,547,49876,0.89009,0.9723729629573787,0.28992,0.39164151397096963,0.29655,False,/data/suehara/part/march/datasets/20250711_ilc_nnqq_sgv_10m_3cat_parquet,val50k_tail,150000,proxy
24,24,12000000,,lr_3e-6,5.59872e-06,validation_total_reference_mistag_geomean_percent,0.4062268220953112,min,0.9874887449286227,0.9874887449286227,0.5642109011535945,0.29247969270400953,0.4062268220953112,,0.18883845333653596,0.06823746671736719,3.075655945719854,0.1846425497621476,0.5050100299233238,0.06623048223989034,2.6813628283517215,1.1299322033781414,0.01848366954176725,0.020484961715467546,94,49778,0.010739257473590176,0.012743462524410665,34,49826,0.07644905670164577,0.07833436352129818,1531,49778,0.018258545704222813,0.020258078385054647,92,49826,0.030755527054145484,0.03273925443355516,252,49900,0.010566656892742592,0.012570942501666345,33,49826,0.07137176419012951,0.0732682647522253,1338,49900,0.04638004306776154,0.04834163288196108,563,49826,0.88974,0.9721889980317302,0.29058,0.39164151397096963,0.29443,False,/data/suehara/part/march/datasets/20250711_ilc_nnqq_sgv_10m_3cat_parquet,val50k_tail,150000,proxy
24,24,12000000,,lr_6e-6,6.29856e-06,validation_total_reference_mistag_geomean_percent,0.397232591489605,min,0.9785231607423545,0.9785231607423545,0.5605200805967107,0.2815130754522934,0.397232591489605,,0.18239762704962154,0.06233160214511409,3.052654635954888,0.18096272967433114,0.5132420457507167,0.06635299648333978,2.6945207929462893,1.0757228559345355,0.01813039910721697,0.020127416760274505,91,49891,0.010232360930967181,0.012240510861433292,31,49734,0.07608261156418737,0.0779645704037827,1523,49891,0.018082303886752235,0.020085683288715475,90,49734,0.0310181454340884,0.03300237791020091,256,49879,0.010586198548719235,0.012594186766354742,33,49734,0.07155918321076205,0.0734559546325661,1344,49879,0.04528302610784761,0.04725042440500114,535,49734,0.89008,0.9724190765426407,0.28962,0.39164151397096963,0.2958,False,/data/suehara/part/march/datasets/20250711_ilc_nnqq_sgv_10m_3cat_parquet,val50k_tail,150000,proxy
24,24,12000000,,lr_9e-6,6.9984e-06,validation_total_reference_mistag_geomean_percent,0.4065159447125673,min,0.9874608448564691,0.9874608448564691,0.563166640051157,0.2934392798737858,0.4065159447125673,,0.19087420010848513,0.06824705701228513,3.0821162036724052,0.1846685017798464,0.5048683791588028,0.06623978981804192,2.680610728987376,1.12206189831451,0.01858921707354711,0.020590708908158756,95,49771,0.01074076603500302,0.012745252303395762,34,49819,0.07653314220495318,0.07841845458574151,1534,49771,0.018261109160575516,0.020260921745883835,92,49819,0.0307469205740556,0.03273009723944245,252,49914,0.010568141221662742,0.012572708070798322,33,49819,0.07135201030899624,0.07324800908089513,1338,49914,0.0462197871361909,0.04818196851459535,559,49819,0.88972,0.9722124282537606,0.29044,0.39164151397096963,0.29437,False,/data/suehara/part/march/datasets/20250711_ilc_nnqq_sgv_10m_3cat_parquet,val50k_tail,150000,proxy
