generation,completed_epoch,weaver_epoch,decision_type,eligible_boundary,warmup_active_during_training,terminal,copy_opportunity,lr_mutation_opportunity,copy_applied,mutation_applied,copy_only,reason,donor,recipient,donor_lr,recipient_lr_before,recipient_lr_after,mutation_factor,mutation_reason,metric_gap,decision_margin,rejected_candidates
0,1,18,warmup,false,true,false,false,false,false,false,false,warmup,lr_14e-6,lr_3e-6,1.4e-05,3e-06,3e-06,,not_attempted,0.02661448201048961,0.002,[]
1,2,19,copy_plus_mutation,true,true,false,true,true,true,true,false,metric_gap_exceeds_margin,lr_14e-6,lr_3e-6,1.4e-05,3e-06,1.68e-05,1.2,mutated,0.0235871470614854,0.002,[]
2,3,20,copy_plus_mutation,true,false,false,true,true,true,true,false,metric_gap_exceeds_margin,lr_3e-6,lr_5_75e-6,1.68e-05,5.75e-06,2.0159999999999997e-05,1.2,mutated,0.0139454132361711,0.002,[]
3,4,21,copy_plus_mutation,true,false,false,true,true,true,true,false,metric_gap_exceeds_margin,lr_3e-6,lr_8_5e-6,1.68e-05,8.5e-06,1.344e-05,0.8,mutated,0.0122761365629862,0.002,"[{""candidate_lr"":2.0159999999999997e-05,""factor"":1.2,""reason"":""lr_collision""}]"
4,5,22,copy_plus_mutation,true,false,false,true,true,true,true,false,metric_gap_exceeds_margin,lr_5_75e-6,lr_11_25e-6,2.0159999999999997e-05,1.125e-05,2.4191999999999995e-05,1.2,mutated,0.00837323649784584,0.002,[]
5,6,23,copy_plus_mutation,true,false,false,true,true,true,true,false,metric_gap_exceeds_margin,lr_11_25e-6,lr_14e-6,2.4191999999999995e-05,1.4e-05,2.9030399999999992e-05,1.2,mutated,0.00409670520372951,0.002,[]
6,7,24,copy_plus_mutation,true,false,false,true,true,true,true,false,metric_gap_exceeds_margin,lr_5_75e-6,lr_8_5e-6,2.0159999999999997e-05,1.344e-05,1.6128e-05,0.8,mutated,0.00449680839696945,0.002,"[{""candidate_lr"":2.4191999999999995e-05,""factor"":1.2,""reason"":""lr_collision""}]"
7,8,25,copy_plus_mutation,true,false,false,true,true,true,true,false,metric_gap_exceeds_margin,lr_14e-6,lr_8_5e-6,2.9030399999999992e-05,1.6128e-05,2.3224319999999995e-05,0.8,mutated,0.00685827969536784,0.002,[]
8,9,26,copy_plus_mutation,true,false,false,true,true,true,true,false,metric_gap_exceeds_margin,lr_8_5e-6,lr_3e-6,2.3224319999999995e-05,1.68e-05,1.8579455999999997e-05,0.8,mutated,0.00596305379410534,0.002,[]
9,10,27,within_margin_no_op,true,false,false,true,true,false,false,false,within_margin,lr_14e-6,lr_3e-6,2.9030399999999992e-05,1.8579455999999997e-05,1.8579455999999997e-05,,not_attempted,0.0017657518501942,0.002,[]
10,11,28,copy_plus_mutation,true,false,false,true,true,true,true,false,metric_gap_exceeds_margin,lr_3e-6,lr_8_5e-6,1.8579455999999997e-05,2.3224319999999995e-05,1.4863564799999999e-05,0.8,mutated,0.0027628340464721,0.002,[]
11,12,29,copy_plus_mutation,true,false,false,true,true,true,true,false,metric_gap_exceeds_margin,lr_11_25e-6,lr_14e-6,2.4191999999999995e-05,2.9030399999999992e-05,1.9353599999999997e-05,0.8,mutated,0.0021015220915319,0.002,"[{""candidate_lr"":2.9030399999999992e-05,""factor"":1.2,""reason"":""unchanged_recipient_lr""}]"
12,13,30,copy_plus_mutation,true,false,false,true,true,true,true,false,metric_gap_exceeds_margin,lr_11_25e-6,lr_5_75e-6,2.4191999999999995e-05,2.0159999999999997e-05,2.9030399999999992e-05,1.2,mutated,0.00351246732429228,0.002,"[{""candidate_lr"":1.9353599999999997e-05,""factor"":0.8,""reason"":""lr_collision""}]"
13,14,31,copy_plus_mutation,true,false,false,true,true,true,true,false,metric_gap_exceeds_margin,lr_5_75e-6,lr_3e-6,2.9030399999999992e-05,1.8579455999999997e-05,2.3224319999999995e-05,0.8,mutated,0.00279106223644727,0.002,[]
14,15,32,within_margin_no_op,true,false,false,true,true,false,false,false,within_margin,lr_5_75e-6,lr_8_5e-6,2.9030399999999992e-05,1.4863564799999999e-05,1.4863564799999999e-05,,not_attempted,0.00155805876290754,0.002,[]
15,16,33,copy_plus_mutation,true,false,false,true,true,true,true,false,metric_gap_exceeds_margin,lr_3e-6,lr_8_5e-6,2.3224319999999995e-05,1.4863564799999999e-05,1.8579455999999997e-05,0.8,mutated,0.00365903109759436,0.002,[]
16,17,34,copy_plus_mutation,true,false,false,true,true,true,true,false,metric_gap_exceeds_margin,lr_14e-6,lr_11_25e-6,1.9353599999999997e-05,2.4191999999999995e-05,1.548288e-05,0.8,mutated,0.00210116135841909,0.002,"[{""candidate_lr"":2.3224319999999995e-05,""factor"":1.2,""reason"":""lr_collision""}]"
17,18,35,copy_plus_mutation,true,false,false,true,true,true,true,false,metric_gap_exceeds_margin,lr_5_75e-6,lr_11_25e-6,2.9030399999999992e-05,1.548288e-05,3e-05,1.2,mutated,0.0036163913275421,0.002,"[{""candidate_lr"":2.3224319999999995e-05,""factor"":0.8,""reason"":""lr_collision""}]"
18,19,36,within_margin_no_op,true,false,false,true,true,false,false,false,within_margin,lr_8_5e-6,lr_3e-6,1.8579455999999997e-05,2.3224319999999995e-05,2.3224319999999995e-05,,not_attempted,0.00081057346606961,0.002,[]
19,20,37,copy_only,true,false,false,true,true,true,false,true,metric_gap_exceeds_margin,lr_5_75e-6,lr_14e-6,2.9030399999999992e-05,1.9353599999999997e-05,1.9353599999999997e-05,,lr_collision,0.00201709113602833,0.002,"[{""candidate_lr"":2.3224319999999995e-05,""factor"":0.8,""reason"":""lr_collision""},{""candidate_lr"":3e-05,""factor"":1.2,""reason"":""lr_collision""}]"
20,21,38,copy_plus_mutation,true,false,false,true,true,true,true,false,metric_gap_exceeds_margin,lr_14e-6,lr_11_25e-6,1.9353599999999997e-05,3e-05,1.548288e-05,0.8,mutated,0.00317101865555826,0.002,"[{""candidate_lr"":2.3224319999999995e-05,""factor"":1.2,""reason"":""lr_collision""}]"
21,22,39,within_margin_no_op,true,false,false,true,true,false,false,false,within_margin,lr_11_25e-6,lr_14e-6,1.548288e-05,1.9353599999999997e-05,1.9353599999999997e-05,,not_attempted,0.00097051262576565,0.002,[]
22,23,40,copy_plus_mutation,true,false,false,true,true,true,true,false,metric_gap_exceeds_margin,lr_5_75e-6,lr_8_5e-6,2.9030399999999992e-05,1.8579455999999997e-05,3e-05,1.2,mutated,0.0025852592295773,0.002,"[{""candidate_lr"":2.3224319999999995e-05,""factor"":0.8,""reason"":""lr_collision""}]"
23,24,41,within_margin_no_op,true,false,false,true,true,false,false,false,within_margin,lr_11_25e-6,lr_3e-6,1.548288e-05,2.3224319999999995e-05,2.3224319999999995e-05,,not_attempted,0.00164220721507291,0.002,[]
24,25,42,copy_only,true,false,false,true,true,true,false,true,metric_gap_exceeds_margin,lr_5_75e-6,lr_11_25e-6,2.9030399999999992e-05,1.548288e-05,1.548288e-05,,lr_collision,0.00472883091849595,0.002,"[{""candidate_lr"":2.3224319999999995e-05,""factor"":0.8,""reason"":""lr_collision""},{""candidate_lr"":3e-05,""factor"":1.2,""reason"":""lr_collision""}]"
25,26,43,copy_only,true,false,false,true,true,true,false,true,metric_gap_exceeds_margin,lr_5_75e-6,lr_3e-6,2.9030399999999992e-05,2.3224319999999995e-05,2.3224319999999995e-05,,lr_collision,0.0028984354431414,0.002,"[{""candidate_lr"":2.3224319999999995e-05,""factor"":0.8,""reason"":""unchanged_recipient_lr""},{""candidate_lr"":3e-05,""factor"":1.2,""reason"":""lr_collision""}]"
26,27,44,copy_plus_mutation,true,false,false,true,true,true,true,false,metric_gap_exceeds_margin,lr_3e-6,lr_14e-6,2.3224319999999995e-05,1.9353599999999997e-05,1.8579455999999997e-05,0.8,mutated,0.00206269809899007,0.002,[]
27,28,45,copy_plus_mutation,true,false,false,true,true,true,true,false,metric_gap_exceeds_margin,lr_8_5e-6,lr_11_25e-6,3e-05,1.548288e-05,2.4e-05,0.8,mutated,0.00408140317013077,0.002,"[{""candidate_lr"":3e-05,""factor"":1.2,""reason"":""lr_collision""}]"
28,29,46,copy_plus_mutation,true,false,false,true,true,true,true,false,metric_gap_exceeds_margin,lr_3e-6,lr_14e-6,2.3224319999999995e-05,1.8579455999999997e-05,2.7869183999999994e-05,1.2,mutated,0.00214046289321637,0.002,"[{""candidate_lr"":1.8579455999999997e-05,""factor"":0.8,""reason"":""unchanged_recipient_lr""}]"
29,30,47,copy_plus_mutation,true,false,false,true,true,true,true,false,metric_gap_exceeds_margin,lr_11_25e-6,lr_3e-6,2.4e-05,2.3224319999999995e-05,1.9200000000000003e-05,0.8,mutated,0.00404971201574561,0.002,[]
30,31,48,within_margin_no_op,true,false,false,true,true,false,false,false,within_margin,lr_3e-6,lr_14e-6,1.9200000000000003e-05,2.7869183999999994e-05,2.7869183999999994e-05,,not_attempted,0.00165128877716734,0.002,[]
31,32,49,within_margin_no_op,true,false,false,true,true,false,false,false,within_margin,lr_11_25e-6,lr_3e-6,2.4e-05,1.9200000000000003e-05,1.9200000000000003e-05,,not_attempted,0.00188618053544935,0.002,[]
32,33,50,within_margin_no_op,true,false,false,true,true,false,false,false,within_margin,lr_3e-6,lr_8_5e-6,1.9200000000000003e-05,3e-05,3e-05,,not_attempted,0.0017674037878349,0.002,[]
33,34,51,copy_plus_mutation,true,false,false,true,true,true,true,false,metric_gap_exceeds_margin,lr_14e-6,lr_3e-6,2.7869183999999994e-05,1.9200000000000003e-05,2.2295347199999995e-05,0.8,mutated,0.00341714152842348,0.002,"[{""candidate_lr"":3e-05,""factor"":1.2,""reason"":""lr_collision""}]"
34,35,52,within_margin_no_op,true,false,false,true,true,false,false,false,within_margin,lr_8_5e-6,lr_3e-6,3e-05,2.2295347199999995e-05,2.2295347199999995e-05,,not_attempted,0.001932029445877,0.002,[]
35,36,53,within_margin_no_op,true,false,false,true,true,false,false,false,within_margin,lr_8_5e-6,lr_3e-6,3e-05,2.2295347199999995e-05,2.2295347199999995e-05,,not_attempted,0.00098277132040614,0.002,[]
36,37,54,within_margin_no_op,true,false,false,true,true,false,false,false,within_margin,lr_8_5e-6,lr_5_75e-6,3e-05,2.9030399999999992e-05,2.9030399999999992e-05,,not_attempted,0.00029224674619605,0.002,[]
37,38,55,within_margin_no_op,true,false,false,true,true,false,false,false,within_margin,lr_3e-6,lr_11_25e-6,2.2295347199999995e-05,2.4e-05,2.4e-05,,not_attempted,0.00085231719055817,0.002,[]
38,39,56,copy_only,true,false,false,true,true,true,false,true,metric_gap_exceeds_margin,lr_8_5e-6,lr_11_25e-6,3e-05,2.4e-05,2.4e-05,,lr_collision,0.00270294998674344,0.002,"[{""candidate_lr"":2.4e-05,""factor"":0.8,""reason"":""unchanged_recipient_lr""},{""candidate_lr"":3e-05,""factor"":1.2,""reason"":""lr_collision""}]"
39,40,57,copy_plus_mutation,true,false,false,true,true,true,true,false,metric_gap_exceeds_margin,lr_11_25e-6,lr_5_75e-6,2.4e-05,2.9030399999999992e-05,1.9200000000000003e-05,0.8,mutated,0.0027173817908848,0.002,[]
40,41,58,copy_plus_mutation,true,false,false,true,true,true,true,false,metric_gap_exceeds_margin,lr_11_25e-6,lr_3e-6,2.4e-05,2.2295347199999995e-05,2.88e-05,1.2,mutated,0.0043495218733911,0.002,"[{""candidate_lr"":1.9200000000000003e-05,""factor"":0.8,""reason"":""lr_collision""}]"
41,42,59,copy_plus_mutation,true,false,false,true,true,true,true,false,metric_gap_exceeds_margin,lr_5_75e-6,lr_14e-6,1.9200000000000003e-05,2.7869183999999994e-05,1.5360000000000002e-05,0.8,mutated,0.0024254982762926,0.002,[]
42,43,60,copy_plus_mutation,true,false,false,true,true,true,true,false,metric_gap_exceeds_margin,lr_14e-6,lr_3e-6,1.5360000000000002e-05,2.88e-05,1.2288000000000002e-05,0.8,mutated,0.0021175697883023,0.002,[]
43,44,61,within_margin_no_op,true,false,false,true,true,false,false,false,within_margin,lr_8_5e-6,lr_11_25e-6,3e-05,2.4e-05,2.4e-05,,not_attempted,0.00134020030600306,0.002,[]
44,45,62,within_margin_no_op,true,false,false,true,true,false,false,false,within_margin,lr_3e-6,lr_11_25e-6,1.2288000000000002e-05,2.4e-05,2.4e-05,,not_attempted,0.00114551471394754,0.002,[]
45,46,63,within_margin_no_op,true,false,false,true,true,false,false,false,within_margin,lr_8_5e-6,lr_5_75e-6,3e-05,1.9200000000000003e-05,1.9200000000000003e-05,,not_attempted,0.001696475627834,0.002,[]
46,47,64,within_margin_no_op,true,false,false,true,true,false,false,false,within_margin,lr_11_25e-6,lr_3e-6,2.4e-05,1.2288000000000002e-05,1.2288000000000002e-05,,not_attempted,0.0017043272090213,0.002,[]
47,48,65,copy_plus_mutation,true,false,false,true,true,true,true,false,metric_gap_exceeds_margin,lr_14e-6,lr_8_5e-6,1.5360000000000002e-05,3e-05,1.8432000000000002e-05,1.2,mutated,0.0020872879564115,0.002,"[{""candidate_lr"":1.2288000000000002e-05,""factor"":0.8,""reason"":""lr_collision""}]"
48,49,66,copy_plus_mutation,true,false,false,true,true,true,true,false,metric_gap_exceeds_margin,lr_11_25e-6,lr_14e-6,2.4e-05,1.5360000000000002e-05,2.88e-05,1.2,mutated,0.00232991767378043,0.002,"[{""candidate_lr"":1.9200000000000003e-05,""factor"":0.8,""reason"":""lr_collision""}]"
49,50,67,terminal_suppression,false,false,true,false,false,false,false,false,terminal_generation,lr_8_5e-6,lr_14e-6,1.8432000000000002e-05,2.88e-05,2.88e-05,,not_attempted,0.0017595076381478,0.002,[]
