completed_epoch,weaver_epoch,member,lr_training,lr_after_adaptation,copied,donor,recipient,mutation_factor,mutation_type,copy_only,rejected_candidates,decision_reason,full_reference_score
1,18,lr_3e-6,3e-06,3e-06,false,,,,none,false,[],warmup,0.42714723417271805
1,18,lr_5_75e-6,5.75e-06,5.75e-06,false,,,,none,false,[],warmup,0.41320674756589015
1,18,lr_8_5e-6,8.5e-06,8.5e-06,false,,,,none,false,[],warmup,0.40666422027745114
1,18,lr_11_25e-6,1.125e-05,1.125e-05,false,,,,none,false,[],warmup,0.4056103289418057
1,18,lr_14e-6,1.4e-05,1.4e-05,false,,,,none,false,[],warmup,0.40053275216222844
2,19,lr_3e-6,3e-06,1.68e-05,true,lr_14e-6,lr_3e-6,1.2,copy_plus_mutation,false,[],metric_gap_exceeds_margin,0.4104471693326184
2,19,lr_5_75e-6,5.75e-06,5.75e-06,false,,,,none,false,[],metric_gap_exceeds_margin,0.40084792301144734
2,19,lr_8_5e-6,8.5e-06,8.5e-06,false,,,,none,false,[],metric_gap_exceeds_margin,0.40028764026032354
2,19,lr_11_25e-6,1.125e-05,1.125e-05,false,,,,none,false,[],metric_gap_exceeds_margin,0.3907633397531811
2,19,lr_14e-6,1.4e-05,1.4e-05,false,,,,none,false,[],metric_gap_exceeds_margin,0.386860022271133
3,20,lr_3e-6,1.68e-05,1.68e-05,false,,,,none,false,[],metric_gap_exceeds_margin,0.3809180749224727
3,20,lr_5_75e-6,5.75e-06,2.0159999999999997e-05,true,lr_3e-6,lr_5_75e-6,1.2,copy_plus_mutation,false,[],metric_gap_exceeds_margin,0.3948634881586438
3,20,lr_8_5e-6,8.5e-06,8.5e-06,false,,,,none,false,[],metric_gap_exceeds_margin,0.3871629231342908
3,20,lr_11_25e-6,1.125e-05,1.125e-05,false,,,,none,false,[],metric_gap_exceeds_margin,0.385323096336799
3,20,lr_14e-6,1.4e-05,1.4e-05,false,,,,none,false,[],metric_gap_exceeds_margin,0.38392432857002357
4,21,lr_3e-6,1.68e-05,1.68e-05,false,,,,none,false,[],metric_gap_exceeds_margin,0.37018252706530225
4,21,lr_5_75e-6,2.0159999999999997e-05,2.0159999999999997e-05,false,,,,none,false,[],metric_gap_exceeds_margin,0.37191035111930665
4,21,lr_8_5e-6,8.5e-06,1.344e-05,true,lr_3e-6,lr_8_5e-6,0.8,copy_plus_mutation,false,"[{""candidate_lr"":2.0159999999999997e-05,""factor"":1.2,""reason"":""lr_collision""}]",metric_gap_exceeds_margin,0.38245866362828845
4,21,lr_11_25e-6,1.125e-05,1.125e-05,false,,,,none,false,[],metric_gap_exceeds_margin,0.3773425687185667
4,21,lr_14e-6,1.4e-05,1.4e-05,false,,,,none,false,[],metric_gap_exceeds_margin,0.37306026456884217
5,22,lr_3e-6,1.68e-05,1.68e-05,false,,,,none,false,[],metric_gap_exceeds_margin,0.37009025361375175
5,22,lr_5_75e-6,2.0159999999999997e-05,2.0159999999999997e-05,false,,,,none,false,[],metric_gap_exceeds_margin,0.3686012408627468
5,22,lr_8_5e-6,1.344e-05,1.344e-05,false,,,,none,false,[],metric_gap_exceeds_margin,0.3689169212302922
5,22,lr_11_25e-6,1.125e-05,2.4191999999999995e-05,true,lr_5_75e-6,lr_11_25e-6,1.2,copy_plus_mutation,false,[],metric_gap_exceeds_margin,0.37697447736059264
5,22,lr_14e-6,1.4e-05,1.4e-05,false,,,,none,false,[],metric_gap_exceeds_margin,0.37323765785111546
6,23,lr_3e-6,1.68e-05,1.68e-05,false,,,,none,false,[],metric_gap_exceeds_margin,0.37133854041281966
6,23,lr_5_75e-6,2.0159999999999997e-05,2.0159999999999997e-05,false,,,,none,false,[],metric_gap_exceeds_margin,0.3714759824097256
6,23,lr_8_5e-6,1.344e-05,1.344e-05,false,,,,none,false,[],metric_gap_exceeds_margin,0.37064253040730494
6,23,lr_11_25e-6,2.4191999999999995e-05,2.4191999999999995e-05,false,,,,none,false,[],metric_gap_exceeds_margin,0.36945105706867065
6,23,lr_14e-6,1.4e-05,2.9030399999999992e-05,true,lr_11_25e-6,lr_14e-6,1.2,copy_plus_mutation,false,[],metric_gap_exceeds_margin,0.37354776227240016
7,24,lr_3e-6,1.68e-05,1.68e-05,false,,,,none,false,[],metric_gap_exceeds_margin,0.36828060429017434
7,24,lr_5_75e-6,2.0159999999999997e-05,2.0159999999999997e-05,false,,,,none,false,[],metric_gap_exceeds_margin,0.36385242299840265
7,24,lr_8_5e-6,1.344e-05,1.6128e-05,true,lr_5_75e-6,lr_8_5e-6,0.8,copy_plus_mutation,false,"[{""candidate_lr"":2.4191999999999995e-05,""factor"":1.2,""reason"":""lr_collision""}]",metric_gap_exceeds_margin,0.3683492313953721
7,24,lr_11_25e-6,2.4191999999999995e-05,2.4191999999999995e-05,false,,,,none,false,[],metric_gap_exceeds_margin,0.36610987653802474
7,24,lr_14e-6,2.9030399999999992e-05,2.9030399999999992e-05,false,,,,none,false,[],metric_gap_exceeds_margin,0.36428614507467316
8,25,lr_3e-6,1.68e-05,1.68e-05,false,,,,none,false,[],metric_gap_exceeds_margin,0.3657352699032076
8,25,lr_5_75e-6,2.0159999999999997e-05,2.0159999999999997e-05,false,,,,none,false,[],metric_gap_exceeds_margin,0.36728729950820577
8,25,lr_8_5e-6,1.6128e-05,2.3224319999999995e-05,true,lr_14e-6,lr_8_5e-6,0.8,copy_plus_mutation,false,[],metric_gap_exceeds_margin,0.3682626212428125
8,25,lr_11_25e-6,2.4191999999999995e-05,2.4191999999999995e-05,false,,,,none,false,[],metric_gap_exceeds_margin,0.3649031614160667
8,25,lr_14e-6,2.9030399999999992e-05,2.9030399999999992e-05,false,,,,none,false,[],metric_gap_exceeds_margin,0.36140434154744466
9,26,lr_3e-6,1.68e-05,1.8579455999999997e-05,true,lr_8_5e-6,lr_3e-6,0.8,copy_plus_mutation,false,[],metric_gap_exceeds_margin,0.36769091837434964
9,26,lr_5_75e-6,2.0159999999999997e-05,2.0159999999999997e-05,false,,,,none,false,[],metric_gap_exceeds_margin,0.36601434361992485
9,26,lr_8_5e-6,2.3224319999999995e-05,2.3224319999999995e-05,false,,,,none,false,[],metric_gap_exceeds_margin,0.3617278645802443
9,26,lr_11_25e-6,2.4191999999999995e-05,2.4191999999999995e-05,false,,,,none,false,[],metric_gap_exceeds_margin,0.3648457333784091
9,26,lr_14e-6,2.9030399999999992e-05,2.9030399999999992e-05,false,,,,none,false,[],metric_gap_exceeds_margin,0.3621576442903705
10,27,lr_3e-6,1.8579455999999997e-05,1.8579455999999997e-05,false,,,,none,false,[],within_margin,0.3597487190564288
10,27,lr_5_75e-6,2.0159999999999997e-05,2.0159999999999997e-05,false,,,,none,false,[],within_margin,0.35955774318300227
10,27,lr_8_5e-6,2.3224319999999995e-05,2.3224319999999995e-05,false,,,,none,false,[],within_margin,0.35881191858114975
10,27,lr_11_25e-6,2.4191999999999995e-05,2.4191999999999995e-05,false,,,,none,false,[],within_margin,0.35904740300762633
10,27,lr_14e-6,2.9030399999999992e-05,2.9030399999999992e-05,false,,,,none,false,[],within_margin,0.3579829672062346
11,28,lr_3e-6,1.8579455999999997e-05,1.8579455999999997e-05,false,,,,none,false,[],metric_gap_exceeds_margin,0.35836527403533774
11,28,lr_5_75e-6,2.0159999999999997e-05,2.0159999999999997e-05,false,,,,none,false,[],metric_gap_exceeds_margin,0.359954226417923
11,28,lr_8_5e-6,2.3224319999999995e-05,1.4863564799999999e-05,true,lr_3e-6,lr_8_5e-6,0.8,copy_plus_mutation,false,[],metric_gap_exceeds_margin,0.36112810808180984
11,28,lr_11_25e-6,2.4191999999999995e-05,2.4191999999999995e-05,false,,,,none,false,[],metric_gap_exceeds_margin,0.3599078689325661
11,28,lr_14e-6,2.9030399999999992e-05,2.9030399999999992e-05,false,,,,none,false,[],metric_gap_exceeds_margin,0.3595524695807019
12,29,lr_3e-6,1.8579455999999997e-05,1.8579455999999997e-05,false,,,,none,false,[],metric_gap_exceeds_margin,0.3573017623417927
12,29,lr_5_75e-6,2.0159999999999997e-05,2.0159999999999997e-05,false,,,,none,false,[],metric_gap_exceeds_margin,0.35876817199729494
12,29,lr_8_5e-6,1.4863564799999999e-05,1.4863564799999999e-05,false,,,,none,false,[],metric_gap_exceeds_margin,0.3575043864520782
12,29,lr_11_25e-6,2.4191999999999995e-05,2.4191999999999995e-05,false,,,,none,false,[],metric_gap_exceeds_margin,0.3567516212781219
12,29,lr_14e-6,2.9030399999999992e-05,1.9353599999999997e-05,true,lr_11_25e-6,lr_14e-6,0.8,copy_plus_mutation,false,"[{""candidate_lr"":2.9030399999999992e-05,""factor"":1.2,""reason"":""unchanged_recipient_lr""}]",metric_gap_exceeds_margin,0.3588531433696538
13,30,lr_3e-6,1.8579455999999997e-05,1.8579455999999997e-05,false,,,,none,false,[],metric_gap_exceeds_margin,0.3524146189907823
13,30,lr_5_75e-6,2.0159999999999997e-05,2.9030399999999992e-05,true,lr_11_25e-6,lr_5_75e-6,1.2,copy_plus_mutation,false,"[{""candidate_lr"":1.9353599999999997e-05,""factor"":0.8,""reason"":""lr_collision""}]",metric_gap_exceeds_margin,0.35512875060309435
13,30,lr_8_5e-6,1.4863564799999999e-05,1.4863564799999999e-05,false,,,,none,false,[],metric_gap_exceeds_margin,0.3547786950134066
13,30,lr_11_25e-6,2.4191999999999995e-05,2.4191999999999995e-05,false,,,,none,false,[],metric_gap_exceeds_margin,0.35161628327880207
13,30,lr_14e-6,1.9353599999999997e-05,1.9353599999999997e-05,false,,,,none,false,[],metric_gap_exceeds_margin,0.3530694058371541
14,31,lr_3e-6,1.8579455999999997e-05,2.3224319999999995e-05,true,lr_5_75e-6,lr_3e-6,0.8,copy_plus_mutation,false,[],metric_gap_exceeds_margin,0.3604482663728606
14,31,lr_5_75e-6,2.9030399999999992e-05,2.9030399999999992e-05,false,,,,none,false,[],metric_gap_exceeds_margin,0.35765720413641333
14,31,lr_8_5e-6,1.4863564799999999e-05,1.4863564799999999e-05,false,,,,none,false,[],metric_gap_exceeds_margin,0.3601351697170415
14,31,lr_11_25e-6,2.4191999999999995e-05,2.4191999999999995e-05,false,,,,none,false,[],metric_gap_exceeds_margin,0.3585815221441794
14,31,lr_14e-6,1.9353599999999997e-05,1.9353599999999997e-05,false,,,,none,false,[],metric_gap_exceeds_margin,0.3590609596704018
15,32,lr_3e-6,2.3224319999999995e-05,2.3224319999999995e-05,false,,,,none,false,[],within_margin,0.35677015096721854
15,32,lr_5_75e-6,2.9030399999999992e-05,2.9030399999999992e-05,false,,,,none,false,[],within_margin,0.35531856629176006
15,32,lr_8_5e-6,1.4863564799999999e-05,1.4863564799999999e-05,false,,,,none,false,[],within_margin,0.3568766250546676
15,32,lr_11_25e-6,2.4191999999999995e-05,2.4191999999999995e-05,false,,,,none,false,[],within_margin,0.3565932635533403
15,32,lr_14e-6,1.9353599999999997e-05,1.9353599999999997e-05,false,,,,none,false,[],within_margin,0.35687152569494035
16,33,lr_3e-6,2.3224319999999995e-05,2.3224319999999995e-05,false,,,,none,false,[],metric_gap_exceeds_margin,0.35237775751387174
16,33,lr_5_75e-6,2.9030399999999992e-05,2.9030399999999992e-05,false,,,,none,false,[],metric_gap_exceeds_margin,0.35406643092678897
16,33,lr_8_5e-6,1.4863564799999999e-05,1.8579455999999997e-05,true,lr_3e-6,lr_8_5e-6,0.8,copy_plus_mutation,false,[],metric_gap_exceeds_margin,0.3560367886114661
16,33,lr_11_25e-6,2.4191999999999995e-05,2.4191999999999995e-05,false,,,,none,false,[],metric_gap_exceeds_margin,0.35252056367171075
16,33,lr_14e-6,1.9353599999999997e-05,1.9353599999999997e-05,false,,,,none,false,[],metric_gap_exceeds_margin,0.35549059960086343
17,34,lr_3e-6,2.3224319999999995e-05,2.3224319999999995e-05,false,,,,none,false,[],metric_gap_exceeds_margin,0.3560102274200526
17,34,lr_5_75e-6,2.9030399999999992e-05,2.9030399999999992e-05,false,,,,none,false,[],metric_gap_exceeds_margin,0.35490185375461475
17,34,lr_8_5e-6,1.8579455999999997e-05,1.8579455999999997e-05,false,,,,none,false,[],metric_gap_exceeds_margin,0.35630097726914967
17,34,lr_11_25e-6,2.4191999999999995e-05,1.548288e-05,true,lr_14e-6,lr_11_25e-6,0.8,copy_plus_mutation,false,"[{""candidate_lr"":2.3224319999999995e-05,""factor"":1.2,""reason"":""lr_collision""}]",metric_gap_exceeds_margin,0.35668020743472995
17,34,lr_14e-6,1.9353599999999997e-05,1.9353599999999997e-05,false,,,,none,false,[],metric_gap_exceeds_margin,0.35457904607631086
18,35,lr_3e-6,2.3224319999999995e-05,2.3224319999999995e-05,false,,,,none,false,[],metric_gap_exceeds_margin,0.34931033926787974
18,35,lr_5_75e-6,2.9030399999999992e-05,2.9030399999999992e-05,false,,,,none,false,[],metric_gap_exceeds_margin,0.34905124481569305
18,35,lr_8_5e-6,1.8579455999999997e-05,1.8579455999999997e-05,false,,,,none,false,[],metric_gap_exceeds_margin,0.3517894509203615
18,35,lr_11_25e-6,1.548288e-05,3e-05,true,lr_5_75e-6,lr_11_25e-6,1.2,copy_plus_mutation,false,"[{""candidate_lr"":2.3224319999999995e-05,""factor"":0.8,""reason"":""lr_collision""}]",metric_gap_exceeds_margin,0.35266763614323515
18,35,lr_14e-6,1.9353599999999997e-05,1.9353599999999997e-05,false,,,,none,false,[],metric_gap_exceeds_margin,0.35203188623611953
19,36,lr_3e-6,2.3224319999999995e-05,2.3224319999999995e-05,false,,,,none,false,[],within_margin,0.34916167707188844
19,36,lr_5_75e-6,2.9030399999999992e-05,2.9030399999999992e-05,false,,,,none,false,[],within_margin,0.3490273467688193
19,36,lr_8_5e-6,1.8579455999999997e-05,1.8579455999999997e-05,false,,,,none,false,[],within_margin,0.34835110360581883
19,36,lr_11_25e-6,3e-05,3e-05,false,,,,none,false,[],within_margin,0.34840052114628445
19,36,lr_14e-6,1.9353599999999997e-05,1.9353599999999997e-05,false,,,,none,false,[],within_margin,0.348845241075052
20,37,lr_3e-6,2.3224319999999995e-05,2.3224319999999995e-05,false,,,,none,false,[],metric_gap_exceeds_margin,0.3502101562142001
20,37,lr_5_75e-6,2.9030399999999992e-05,2.9030399999999992e-05,false,,,,none,false,[],metric_gap_exceeds_margin,0.3494747483405694
20,37,lr_8_5e-6,1.8579455999999997e-05,1.8579455999999997e-05,false,,,,none,false,[],metric_gap_exceeds_margin,0.3503950497477295
20,37,lr_11_25e-6,3e-05,3e-05,false,,,,none,false,[],metric_gap_exceeds_margin,0.34947881688085625
20,37,lr_14e-6,1.9353599999999997e-05,1.9353599999999997e-05,true,lr_5_75e-6,lr_14e-6,,copy_only,true,"[{""candidate_lr"":2.3224319999999995e-05,""factor"":0.8,""reason"":""lr_collision""},{""candidate_lr"":3e-05,""factor"":1.2,""reason"":""lr_collision""}]",metric_gap_exceeds_margin,0.35149183947659773
21,38,lr_3e-6,2.3224319999999995e-05,2.3224319999999995e-05,false,,,,none,false,[],metric_gap_exceeds_margin,0.3474467865241191
21,38,lr_5_75e-6,2.9030399999999992e-05,2.9030399999999992e-05,false,,,,none,false,[],metric_gap_exceeds_margin,0.34901201883405164
21,38,lr_8_5e-6,1.8579455999999997e-05,1.8579455999999997e-05,false,,,,none,false,[],metric_gap_exceeds_margin,0.3466142043410697
21,38,lr_11_25e-6,3e-05,1.548288e-05,true,lr_14e-6,lr_11_25e-6,0.8,copy_plus_mutation,false,"[{""candidate_lr"":2.3224319999999995e-05,""factor"":1.2,""reason"":""lr_collision""}]",metric_gap_exceeds_margin,0.34947649590989166
21,38,lr_14e-6,1.9353599999999997e-05,1.9353599999999997e-05,false,,,,none,false,[],metric_gap_exceeds_margin,0.3463054772543334
22,39,lr_3e-6,2.3224319999999995e-05,2.3224319999999995e-05,false,,,,none,false,[],within_margin,0.3481968084783547
22,39,lr_5_75e-6,2.9030399999999992e-05,2.9030399999999992e-05,false,,,,none,false,[],within_margin,0.34770822457507183
22,39,lr_8_5e-6,1.8579455999999997e-05,1.8579455999999997e-05,false,,,,none,false,[],within_margin,0.3479529883341155
22,39,lr_11_25e-6,1.548288e-05,1.548288e-05,false,,,,none,false,[],within_margin,0.34760442067032055
22,39,lr_14e-6,1.9353599999999997e-05,1.9353599999999997e-05,false,,,,none,false,[],within_margin,0.3485749332960862
23,40,lr_3e-6,2.3224319999999995e-05,2.3224319999999995e-05,false,,,,none,false,[],metric_gap_exceeds_margin,0.3467648591608158
23,40,lr_5_75e-6,2.9030399999999992e-05,2.9030399999999992e-05,false,,,,none,false,[],metric_gap_exceeds_margin,0.3460319387171854
23,40,lr_8_5e-6,1.8579455999999997e-05,3e-05,true,lr_5_75e-6,lr_8_5e-6,1.2,copy_plus_mutation,false,"[{""candidate_lr"":2.3224319999999995e-05,""factor"":0.8,""reason"":""lr_collision""}]",metric_gap_exceeds_margin,0.3486171979467627
23,40,lr_11_25e-6,1.548288e-05,1.548288e-05,false,,,,none,false,[],metric_gap_exceeds_margin,0.3481242128389492
23,40,lr_14e-6,1.9353599999999997e-05,1.9353599999999997e-05,false,,,,none,false,[],metric_gap_exceeds_margin,0.34745257093170895
24,41,lr_3e-6,2.3224319999999995e-05,2.3224319999999995e-05,false,,,,none,false,[],within_margin,0.34827152433178454
24,41,lr_5_75e-6,2.9030399999999992e-05,2.9030399999999992e-05,false,,,,none,false,[],within_margin,0.3470889062899158
24,41,lr_8_5e-6,3e-05,3e-05,false,,,,none,false,[],within_margin,0.34709198448055184
24,41,lr_11_25e-6,1.548288e-05,1.548288e-05,false,,,,none,false,[],within_margin,0.34662931711671163
24,41,lr_14e-6,1.9353599999999997e-05,1.9353599999999997e-05,false,,,,none,false,[],within_margin,0.3477938185363232
25,42,lr_3e-6,2.3224319999999995e-05,2.3224319999999995e-05,false,,,,none,false,[],metric_gap_exceeds_margin,0.3441220530527619
25,42,lr_5_75e-6,2.9030399999999992e-05,2.9030399999999992e-05,false,,,,none,false,[],metric_gap_exceeds_margin,0.34025399471757795
25,42,lr_8_5e-6,3e-05,3e-05,false,,,,none,false,[],metric_gap_exceeds_margin,0.3410162997258287
25,42,lr_11_25e-6,1.548288e-05,1.548288e-05,true,lr_5_75e-6,lr_11_25e-6,,copy_only,true,"[{""candidate_lr"":2.3224319999999995e-05,""factor"":0.8,""reason"":""lr_collision""},{""candidate_lr"":3e-05,""factor"":1.2,""reason"":""lr_collision""}]",metric_gap_exceeds_margin,0.3449828256360739
25,42,lr_14e-6,1.9353599999999997e-05,1.9353599999999997e-05,false,,,,none,false,[],metric_gap_exceeds_margin,0.3438506887589952
26,43,lr_3e-6,2.3224319999999995e-05,2.3224319999999995e-05,true,lr_5_75e-6,lr_3e-6,,copy_only,true,"[{""candidate_lr"":2.3224319999999995e-05,""factor"":0.8,""reason"":""unchanged_recipient_lr""},{""candidate_lr"":3e-05,""factor"":1.2,""reason"":""lr_collision""}]",metric_gap_exceeds_margin,0.345018682708029
26,43,lr_5_75e-6,2.9030399999999992e-05,2.9030399999999992e-05,false,,,,none,false,[],metric_gap_exceeds_margin,0.3421202472648876
26,43,lr_8_5e-6,3e-05,3e-05,false,,,,none,false,[],metric_gap_exceeds_margin,0.34276023418853907
26,43,lr_11_25e-6,1.548288e-05,1.548288e-05,false,,,,none,false,[],metric_gap_exceeds_margin,0.34243927965606175
26,43,lr_14e-6,1.9353599999999997e-05,1.9353599999999997e-05,false,,,,none,false,[],metric_gap_exceeds_margin,0.3438997309577513
27,44,lr_3e-6,2.3224319999999995e-05,2.3224319999999995e-05,false,,,,none,false,[],metric_gap_exceeds_margin,0.34581962152867196
27,44,lr_5_75e-6,2.9030399999999992e-05,2.9030399999999992e-05,false,,,,none,false,[],metric_gap_exceeds_margin,0.34676968584191786
27,44,lr_8_5e-6,3e-05,3e-05,false,,,,none,false,[],metric_gap_exceeds_margin,0.3465779660838774
27,44,lr_11_25e-6,1.548288e-05,1.548288e-05,false,,,,none,false,[],metric_gap_exceeds_margin,0.34693297089948616
27,44,lr_14e-6,1.9353599999999997e-05,1.8579455999999997e-05,true,lr_3e-6,lr_14e-6,0.8,copy_plus_mutation,false,[],metric_gap_exceeds_margin,0.34788231962766203
28,45,lr_3e-6,2.3224319999999995e-05,2.3224319999999995e-05,false,,,,none,false,[],metric_gap_exceeds_margin,0.3423091913389423
28,45,lr_5_75e-6,2.9030399999999992e-05,2.9030399999999992e-05,false,,,,none,false,[],metric_gap_exceeds_margin,0.34019231341015527
28,45,lr_8_5e-6,3e-05,3e-05,false,,,,none,false,[],metric_gap_exceeds_margin,0.3396088558335988
28,45,lr_11_25e-6,1.548288e-05,2.4e-05,true,lr_8_5e-6,lr_11_25e-6,0.8,copy_plus_mutation,false,"[{""candidate_lr"":3e-05,""factor"":1.2,""reason"":""lr_collision""}]",metric_gap_exceeds_margin,0.34369025900372957
28,45,lr_14e-6,1.8579455999999997e-05,1.8579455999999997e-05,false,,,,none,false,[],metric_gap_exceeds_margin,0.3412706456883691
29,46,lr_3e-6,2.3224319999999995e-05,2.3224319999999995e-05,false,,,,none,false,[],metric_gap_exceeds_margin,0.34083385945764433
29,46,lr_5_75e-6,2.9030399999999992e-05,2.9030399999999992e-05,false,,,,none,false,[],metric_gap_exceeds_margin,0.3421459065752074
29,46,lr_8_5e-6,3e-05,3e-05,false,,,,none,false,[],metric_gap_exceeds_margin,0.34174634975589735
29,46,lr_11_25e-6,2.4e-05,2.4e-05,false,,,,none,false,[],metric_gap_exceeds_margin,0.3414647821031483
29,46,lr_14e-6,1.8579455999999997e-05,2.7869183999999994e-05,true,lr_3e-6,lr_14e-6,1.2,copy_plus_mutation,false,"[{""candidate_lr"":1.8579455999999997e-05,""factor"":0.8,""reason"":""unchanged_recipient_lr""}]",metric_gap_exceeds_margin,0.3429743223508607
30,47,lr_3e-6,2.3224319999999995e-05,1.9200000000000003e-05,true,lr_11_25e-6,lr_3e-6,0.8,copy_plus_mutation,false,[],metric_gap_exceeds_margin,0.34394931464586065
30,47,lr_5_75e-6,2.9030399999999992e-05,2.9030399999999992e-05,false,,,,none,false,[],metric_gap_exceeds_margin,0.34139433272169334
30,47,lr_8_5e-6,3e-05,3e-05,false,,,,none,false,[],metric_gap_exceeds_margin,0.3414178612409382
30,47,lr_11_25e-6,2.4e-05,2.4e-05,false,,,,none,false,[],metric_gap_exceeds_margin,0.33989960263011504
30,47,lr_14e-6,2.7869183999999994e-05,2.7869183999999994e-05,false,,,,none,false,[],metric_gap_exceeds_margin,0.3432417459100302
31,48,lr_3e-6,1.9200000000000003e-05,1.9200000000000003e-05,false,,,,none,false,[],within_margin,0.33860283728558876
31,48,lr_5_75e-6,2.9030399999999992e-05,2.9030399999999992e-05,false,,,,none,false,[],within_margin,0.33892129568317036
31,48,lr_8_5e-6,3e-05,3e-05,false,,,,none,false,[],within_margin,0.3387687324251222
31,48,lr_11_25e-6,2.4e-05,2.4e-05,false,,,,none,false,[],within_margin,0.33868287855106466
31,48,lr_14e-6,2.7869183999999994e-05,2.7869183999999994e-05,false,,,,none,false,[],within_margin,0.3402541260627561
32,49,lr_3e-6,1.9200000000000003e-05,1.9200000000000003e-05,false,,,,none,false,[],within_margin,0.33739478216364455
32,49,lr_5_75e-6,2.9030399999999992e-05,2.9030399999999992e-05,false,,,,none,false,[],within_margin,0.33615046904655377
32,49,lr_8_5e-6,3e-05,3e-05,false,,,,none,false,[],within_margin,0.33612355836407914
32,49,lr_11_25e-6,2.4e-05,2.4e-05,false,,,,none,false,[],within_margin,0.3355086016281952
32,49,lr_14e-6,2.7869183999999994e-05,2.7869183999999994e-05,false,,,,none,false,[],within_margin,0.3361426765250354
33,50,lr_3e-6,1.9200000000000003e-05,1.9200000000000003e-05,false,,,,none,false,[],within_margin,0.3364649444041227
33,50,lr_5_75e-6,2.9030399999999992e-05,2.9030399999999992e-05,false,,,,none,false,[],within_margin,0.3374744488277126
33,50,lr_8_5e-6,3e-05,3e-05,false,,,,none,false,[],within_margin,0.3382323481919576
33,50,lr_11_25e-6,2.4e-05,2.4e-05,false,,,,none,false,[],within_margin,0.33727405012588424
33,50,lr_14e-6,2.7869183999999994e-05,2.7869183999999994e-05,false,,,,none,false,[],within_margin,0.3379488918685169
34,51,lr_3e-6,1.9200000000000003e-05,2.2295347199999995e-05,true,lr_14e-6,lr_3e-6,0.8,copy_plus_mutation,false,"[{""candidate_lr"":3e-05,""factor"":1.2,""reason"":""lr_collision""}]",metric_gap_exceeds_margin,0.33951235147159975
34,51,lr_5_75e-6,2.9030399999999992e-05,2.9030399999999992e-05,false,,,,none,false,[],metric_gap_exceeds_margin,0.33676417131695896
34,51,lr_8_5e-6,3e-05,3e-05,false,,,,none,false,[],metric_gap_exceeds_margin,0.3371249532254543
34,51,lr_11_25e-6,2.4e-05,2.4e-05,false,,,,none,false,[],metric_gap_exceeds_margin,0.3368205146588348
34,51,lr_14e-6,2.7869183999999994e-05,2.7869183999999994e-05,false,,,,none,false,[],metric_gap_exceeds_margin,0.33609520994317627
35,52,lr_3e-6,2.2295347199999995e-05,2.2295347199999995e-05,false,,,,none,false,[],within_margin,0.338931266059052
35,52,lr_5_75e-6,2.9030399999999992e-05,2.9030399999999992e-05,false,,,,none,false,[],within_margin,0.3388402710704316
35,52,lr_8_5e-6,3e-05,3e-05,false,,,,none,false,[],within_margin,0.336999236613175
35,52,lr_11_25e-6,2.4e-05,2.4e-05,false,,,,none,false,[],within_margin,0.3385861304826453
35,52,lr_14e-6,2.7869183999999994e-05,2.7869183999999994e-05,false,,,,none,false,[],within_margin,0.3386849927511133
36,53,lr_3e-6,2.2295347199999995e-05,2.2295347199999995e-05,false,,,,none,false,[],within_margin,0.33708750028379697
36,53,lr_5_75e-6,2.9030399999999992e-05,2.9030399999999992e-05,false,,,,none,false,[],within_margin,0.33626893281714987
36,53,lr_8_5e-6,3e-05,3e-05,false,,,,none,false,[],within_margin,0.33610472896339083
36,53,lr_11_25e-6,2.4e-05,2.4e-05,false,,,,none,false,[],within_margin,0.33641147958507167
36,53,lr_14e-6,2.7869183999999994e-05,2.7869183999999994e-05,false,,,,none,false,[],within_margin,0.33627888868522016
37,54,lr_3e-6,2.2295347199999995e-05,2.2295347199999995e-05,false,,,,none,false,[],within_margin,0.33662013554416437
37,54,lr_5_75e-6,2.9030399999999992e-05,2.9030399999999992e-05,false,,,,none,false,[],within_margin,0.33688237348130595
37,54,lr_8_5e-6,3e-05,3e-05,false,,,,none,false,[],within_margin,0.3365901267351099
37,54,lr_11_25e-6,2.4e-05,2.4e-05,false,,,,none,false,[],within_margin,0.33687973720763936
37,54,lr_14e-6,2.7869183999999994e-05,2.7869183999999994e-05,false,,,,none,false,[],within_margin,0.3366398475595573
38,55,lr_3e-6,2.2295347199999995e-05,2.2295347199999995e-05,false,,,,none,false,[],within_margin,0.33494193763457386
38,55,lr_5_75e-6,2.9030399999999992e-05,2.9030399999999992e-05,false,,,,none,false,[],within_margin,0.33526403987070524
38,55,lr_8_5e-6,3e-05,3e-05,false,,,,none,false,[],within_margin,0.3354525452189953
38,55,lr_11_25e-6,2.4e-05,2.4e-05,false,,,,none,false,[],within_margin,0.33579425482513203
38,55,lr_14e-6,2.7869183999999994e-05,2.7869183999999994e-05,false,,,,none,false,[],within_margin,0.3353020391478144
39,56,lr_3e-6,2.2295347199999995e-05,2.2295347199999995e-05,false,,,,none,false,[],metric_gap_exceeds_margin,0.3371737144017546
39,56,lr_5_75e-6,2.9030399999999992e-05,2.9030399999999992e-05,false,,,,none,false,[],metric_gap_exceeds_margin,0.3361812393222609
39,56,lr_8_5e-6,3e-05,3e-05,false,,,,none,false,[],metric_gap_exceeds_margin,0.3346455185609992
39,56,lr_11_25e-6,2.4e-05,2.4e-05,true,lr_8_5e-6,lr_11_25e-6,,copy_only,true,"[{""candidate_lr"":2.4e-05,""factor"":0.8,""reason"":""unchanged_recipient_lr""},{""candidate_lr"":3e-05,""factor"":1.2,""reason"":""lr_collision""}]",metric_gap_exceeds_margin,0.33734846854774264
39,56,lr_14e-6,2.7869183999999994e-05,2.7869183999999994e-05,false,,,,none,false,[],metric_gap_exceeds_margin,0.33618377615309275
40,57,lr_3e-6,2.2295347199999995e-05,2.2295347199999995e-05,false,,,,none,false,[],metric_gap_exceeds_margin,0.3350352942779527
40,57,lr_5_75e-6,2.9030399999999992e-05,1.9200000000000003e-05,true,lr_11_25e-6,lr_5_75e-6,0.8,copy_plus_mutation,false,[],metric_gap_exceeds_margin,0.3359668034911466
40,57,lr_8_5e-6,3e-05,3e-05,false,,,,none,false,[],metric_gap_exceeds_margin,0.3356249450186431
40,57,lr_11_25e-6,2.4e-05,2.4e-05,false,,,,none,false,[],metric_gap_exceeds_margin,0.3332494217002618
40,57,lr_14e-6,2.7869183999999994e-05,2.7869183999999994e-05,false,,,,none,false,[],metric_gap_exceeds_margin,0.33561767007026455
41,58,lr_3e-6,2.2295347199999995e-05,2.88e-05,true,lr_11_25e-6,lr_3e-6,1.2,copy_plus_mutation,false,"[{""candidate_lr"":1.9200000000000003e-05,""factor"":0.8,""reason"":""lr_collision""}]",metric_gap_exceeds_margin,0.33539054037280713
41,58,lr_5_75e-6,1.9200000000000003e-05,1.9200000000000003e-05,false,,,,none,false,[],metric_gap_exceeds_margin,0.33408064734060056
41,58,lr_8_5e-6,3e-05,3e-05,false,,,,none,false,[],metric_gap_exceeds_margin,0.33253367284540675
41,58,lr_11_25e-6,2.4e-05,2.4e-05,false,,,,none,false,[],metric_gap_exceeds_margin,0.33104101849941603
41,58,lr_14e-6,2.7869183999999994e-05,2.7869183999999994e-05,false,,,,none,false,[],metric_gap_exceeds_margin,0.33466633231872966
42,59,lr_3e-6,2.88e-05,2.88e-05,false,,,,none,false,[],metric_gap_exceeds_margin,0.33255657801927824
42,59,lr_5_75e-6,1.9200000000000003e-05,1.9200000000000003e-05,false,,,,none,false,[],metric_gap_exceeds_margin,0.3309306510368319
42,59,lr_8_5e-6,3e-05,3e-05,false,,,,none,false,[],metric_gap_exceeds_margin,0.33265425570587
42,59,lr_11_25e-6,2.4e-05,2.4e-05,false,,,,none,false,[],metric_gap_exceeds_margin,0.3330622306762019
42,59,lr_14e-6,2.7869183999999994e-05,1.5360000000000002e-05,true,lr_5_75e-6,lr_14e-6,0.8,copy_plus_mutation,false,[],metric_gap_exceeds_margin,0.3333561493131245
43,60,lr_3e-6,2.88e-05,1.2288000000000002e-05,true,lr_14e-6,lr_3e-6,0.8,copy_plus_mutation,false,[],metric_gap_exceeds_margin,0.3340376435818458
43,60,lr_5_75e-6,1.9200000000000003e-05,1.9200000000000003e-05,false,,,,none,false,[],metric_gap_exceeds_margin,0.33222741581489834
43,60,lr_8_5e-6,3e-05,3e-05,false,,,,none,false,[],metric_gap_exceeds_margin,0.33380755668474865
43,60,lr_11_25e-6,2.4e-05,2.4e-05,false,,,,none,false,[],metric_gap_exceeds_margin,0.3325278314002481
43,60,lr_14e-6,1.5360000000000002e-05,1.5360000000000002e-05,false,,,,none,false,[],metric_gap_exceeds_margin,0.3319200737935435
44,61,lr_3e-6,1.2288000000000002e-05,1.2288000000000002e-05,false,,,,none,false,[],within_margin,0.33333534003635445
44,61,lr_5_75e-6,1.9200000000000003e-05,1.9200000000000003e-05,false,,,,none,false,[],within_margin,0.3338087054842054
44,61,lr_8_5e-6,3e-05,3e-05,false,,,,none,false,[],within_margin,0.33310937213806874
44,61,lr_11_25e-6,2.4e-05,2.4e-05,false,,,,none,false,[],within_margin,0.3344495724440718
44,61,lr_14e-6,1.5360000000000002e-05,1.5360000000000002e-05,false,,,,none,false,[],within_margin,0.33346100607369655
45,62,lr_3e-6,1.2288000000000002e-05,1.2288000000000002e-05,false,,,,none,false,[],within_margin,0.33461104746233566
45,62,lr_5_75e-6,1.9200000000000003e-05,1.9200000000000003e-05,false,,,,none,false,[],within_margin,0.3356425730942583
45,62,lr_8_5e-6,3e-05,3e-05,false,,,,none,false,[],within_margin,0.33573712094237396
45,62,lr_11_25e-6,2.4e-05,2.4e-05,false,,,,none,false,[],within_margin,0.3357565621762832
45,62,lr_14e-6,1.5360000000000002e-05,1.5360000000000002e-05,false,,,,none,false,[],within_margin,0.3351411595248853
46,63,lr_3e-6,1.2288000000000002e-05,1.2288000000000002e-05,false,,,,none,false,[],within_margin,0.3334102619046628
46,63,lr_5_75e-6,1.9200000000000003e-05,1.9200000000000003e-05,false,,,,none,false,[],within_margin,0.3335959475771699
46,63,lr_8_5e-6,3e-05,3e-05,false,,,,none,false,[],within_margin,0.3318994719493359
46,63,lr_11_25e-6,2.4e-05,2.4e-05,false,,,,none,false,[],within_margin,0.33215578172459437
46,63,lr_14e-6,1.5360000000000002e-05,1.5360000000000002e-05,false,,,,none,false,[],within_margin,0.33351198617218347
47,64,lr_3e-6,1.2288000000000002e-05,1.2288000000000002e-05,false,,,,none,false,[],within_margin,0.332907433015857
47,64,lr_5_75e-6,1.9200000000000003e-05,1.9200000000000003e-05,false,,,,none,false,[],within_margin,0.3325608096764504
47,64,lr_8_5e-6,3e-05,3e-05,false,,,,none,false,[],within_margin,0.33207325411337546
47,64,lr_11_25e-6,2.4e-05,2.4e-05,false,,,,none,false,[],within_margin,0.3312031058068357
47,64,lr_14e-6,1.5360000000000002e-05,1.5360000000000002e-05,false,,,,none,false,[],within_margin,0.33263790523969755
48,65,lr_3e-6,1.2288000000000002e-05,1.2288000000000002e-05,false,,,,none,false,[],metric_gap_exceeds_margin,0.333319222918169
48,65,lr_5_75e-6,1.9200000000000003e-05,1.9200000000000003e-05,false,,,,none,false,[],metric_gap_exceeds_margin,0.33243131551633165
48,65,lr_8_5e-6,3e-05,1.8432000000000002e-05,true,lr_14e-6,lr_8_5e-6,1.2,copy_plus_mutation,false,"[{""candidate_lr"":1.2288000000000002e-05,""factor"":0.8,""reason"":""lr_collision""}]",metric_gap_exceeds_margin,0.3342843330738202
48,65,lr_11_25e-6,2.4e-05,2.4e-05,false,,,,none,false,[],metric_gap_exceeds_margin,0.33294663469418634
48,65,lr_14e-6,1.5360000000000002e-05,1.5360000000000002e-05,false,,,,none,false,[],metric_gap_exceeds_margin,0.3321970451174087
49,66,lr_3e-6,1.2288000000000002e-05,1.2288000000000002e-05,false,,,,none,false,[],metric_gap_exceeds_margin,0.33622153927014164
49,66,lr_5_75e-6,1.9200000000000003e-05,1.9200000000000003e-05,false,,,,none,false,[],metric_gap_exceeds_margin,0.3341166113901259
49,66,lr_8_5e-6,1.8432000000000002e-05,1.8432000000000002e-05,false,,,,none,false,[],metric_gap_exceeds_margin,0.3353698962391034
49,66,lr_11_25e-6,2.4e-05,2.4e-05,false,,,,none,false,[],metric_gap_exceeds_margin,0.33394332743927513
49,66,lr_14e-6,1.5360000000000002e-05,2.88e-05,true,lr_11_25e-6,lr_14e-6,1.2,copy_plus_mutation,false,"[{""candidate_lr"":1.9200000000000003e-05,""factor"":0.8,""reason"":""lr_collision""}]",metric_gap_exceeds_margin,0.33627324511305556
50,67,lr_3e-6,1.2288000000000002e-05,1.2288000000000002e-05,false,,,,none,false,[],terminal_generation,0.3343890584466984
50,67,lr_5_75e-6,1.9200000000000003e-05,1.9200000000000003e-05,false,,,,none,false,[],terminal_generation,0.33312501831642827
50,67,lr_8_5e-6,1.8432000000000002e-05,1.8432000000000002e-05,false,,,,none,false,[],terminal_generation,0.3330581809576899
50,67,lr_11_25e-6,2.4e-05,2.4e-05,false,,,,none,false,[],terminal_generation,0.334183525689354
50,67,lr_14e-6,2.88e-05,2.88e-05,false,,,,none,false,[],terminal_generation,0.3348176885958377
