generation,training_chunk,trial,LR,optimization_metric_name,optimization_metric_value,total_mistag_score
0,0,lr_11_25e-6,1.125e-05,validation_total_reference_mistag_geomean_percent,0.4056103289418057,0.4056103289418057
0,0,lr_14e-6,1.4e-05,validation_total_reference_mistag_geomean_percent,0.40053275216222844,0.40053275216222844
0,0,lr_3e-6,3e-06,validation_total_reference_mistag_geomean_percent,0.42714723417271805,0.42714723417271805
0,0,lr_5_75e-6,5.75e-06,validation_total_reference_mistag_geomean_percent,0.41320674756589015,0.41320674756589015
0,0,lr_8_5e-6,8.5e-06,validation_total_reference_mistag_geomean_percent,0.40666422027745114,0.40666422027745114
1,1,lr_11_25e-6,1.125e-05,validation_total_reference_mistag_geomean_percent,0.3907633397531811,0.3907633397531811
1,1,lr_14e-6,1.4e-05,validation_total_reference_mistag_geomean_percent,0.386860022271133,0.386860022271133
1,1,lr_3e-6,3e-06,validation_total_reference_mistag_geomean_percent,0.4104471693326184,0.4104471693326184
1,1,lr_5_75e-6,5.75e-06,validation_total_reference_mistag_geomean_percent,0.40084792301144734,0.40084792301144734
1,1,lr_8_5e-6,8.5e-06,validation_total_reference_mistag_geomean_percent,0.40028764026032354,0.40028764026032354
2,2,lr_11_25e-6,1.125e-05,validation_total_reference_mistag_geomean_percent,0.385323096336799,0.385323096336799
2,2,lr_14e-6,1.4e-05,validation_total_reference_mistag_geomean_percent,0.38392432857002357,0.38392432857002357
2,2,lr_3e-6,3e-06,validation_total_reference_mistag_geomean_percent,0.40386904624286374,0.40386904624286374
2,2,lr_5_75e-6,5.75e-06,validation_total_reference_mistag_geomean_percent,0.3948634881586438,0.3948634881586438
2,2,lr_8_5e-6,8.5e-06,validation_total_reference_mistag_geomean_percent,0.3871629231342908,0.3871629231342908
3,3,lr_11_25e-6,1.125e-05,validation_total_reference_mistag_geomean_percent,0.3773425687185667,0.3773425687185667
3,3,lr_14e-6,1.4e-05,validation_total_reference_mistag_geomean_percent,0.37306026456884217,0.37306026456884217
3,3,lr_3e-6,3e-06,validation_total_reference_mistag_geomean_percent,0.39673734370299574,0.39673734370299574
3,3,lr_5_75e-6,5.75e-06,validation_total_reference_mistag_geomean_percent,0.3876913085894898,0.3876913085894898
3,3,lr_8_5e-6,8.5e-06,validation_total_reference_mistag_geomean_percent,0.38245866362828845,0.38245866362828845
4,4,lr_11_25e-6,1.125e-05,validation_total_reference_mistag_geomean_percent,0.37697447736059264,0.37697447736059264
4,4,lr_14e-6,1.4e-05,validation_total_reference_mistag_geomean_percent,0.37323765785111546,0.37323765785111546
4,4,lr_3e-6,3e-06,validation_total_reference_mistag_geomean_percent,0.3928419018207018,0.3928419018207018
4,4,lr_5_75e-6,5.75e-06,validation_total_reference_mistag_geomean_percent,0.3865859324387492,0.3865859324387492
4,4,lr_8_5e-6,8.5e-06,validation_total_reference_mistag_geomean_percent,0.38133668607908694,0.38133668607908694
5,5,lr_11_25e-6,1.125e-05,validation_total_reference_mistag_geomean_percent,0.37562779918874495,0.37562779918874495
5,5,lr_14e-6,1.4e-05,validation_total_reference_mistag_geomean_percent,0.37354776227240016,0.37354776227240016
5,5,lr_3e-6,3e-06,validation_total_reference_mistag_geomean_percent,0.3932757777266635,0.3932757777266635
5,5,lr_5_75e-6,5.75e-06,validation_total_reference_mistag_geomean_percent,0.38583804270397754,0.38583804270397754
5,5,lr_8_5e-6,8.5e-06,validation_total_reference_mistag_geomean_percent,0.37849152527595853,0.37849152527595853
6,6,lr_11_25e-6,1.125e-05,validation_total_reference_mistag_geomean_percent,0.369943494319716,0.369943494319716
6,6,lr_14e-6,1.4e-05,validation_total_reference_mistag_geomean_percent,0.3660255445255504,0.3660255445255504
6,6,lr_3e-6,3e-06,validation_total_reference_mistag_geomean_percent,0.3897857473669279,0.3897857473669279
6,6,lr_5_75e-6,5.75e-06,validation_total_reference_mistag_geomean_percent,0.3783695898744604,0.3783695898744604
6,6,lr_8_5e-6,8.5e-06,validation_total_reference_mistag_geomean_percent,0.3741353320658891,0.3741353320658891
7,7,lr_11_25e-6,1.125e-05,validation_total_reference_mistag_geomean_percent,0.3671387457851757,0.3671387457851757
7,7,lr_14e-6,1.4e-05,validation_total_reference_mistag_geomean_percent,0.36844545783946886,0.36844545783946886
7,7,lr_3e-6,3e-06,validation_total_reference_mistag_geomean_percent,0.38896871465494715,0.38896871465494715
7,7,lr_5_75e-6,5.75e-06,validation_total_reference_mistag_geomean_percent,0.378050954579889,0.378050954579889
7,7,lr_8_5e-6,8.5e-06,validation_total_reference_mistag_geomean_percent,0.37206177830900145,0.37206177830900145
8,8,lr_11_25e-6,1.125e-05,validation_total_reference_mistag_geomean_percent,0.36559852804854925,0.36559852804854925
8,8,lr_14e-6,1.4e-05,validation_total_reference_mistag_geomean_percent,0.36865304292363865,0.36865304292363865
8,8,lr_3e-6,3e-06,validation_total_reference_mistag_geomean_percent,0.387861855578771,0.387861855578771
8,8,lr_5_75e-6,5.75e-06,validation_total_reference_mistag_geomean_percent,0.37562781134597895,0.37562781134597895
8,8,lr_8_5e-6,8.5e-06,validation_total_reference_mistag_geomean_percent,0.3691198238432029,0.3691198238432029
9,9,lr_11_25e-6,1.125e-05,validation_total_reference_mistag_geomean_percent,0.36886905867160963,0.36886905867160963
9,9,lr_14e-6,1.4e-05,validation_total_reference_mistag_geomean_percent,0.36824609882372195,0.36824609882372195
9,9,lr_3e-6,3e-06,validation_total_reference_mistag_geomean_percent,0.3841086025813352,0.3841086025813352
9,9,lr_5_75e-6,5.75e-06,validation_total_reference_mistag_geomean_percent,0.37707720002923595,0.37707720002923595
9,9,lr_8_5e-6,8.5e-06,validation_total_reference_mistag_geomean_percent,0.36782256583370077,0.36782256583370077
10,10,lr_11_25e-6,1.125e-05,validation_total_reference_mistag_geomean_percent,0.37188122042156135,0.37188122042156135
10,10,lr_14e-6,1.4e-05,validation_total_reference_mistag_geomean_percent,0.3681494030009197,0.3681494030009197
10,10,lr_3e-6,1.3500000000000001e-05,validation_total_reference_mistag_geomean_percent,0.37003278281460683,0.37003278281460683
10,10,lr_5_75e-6,9e-06,validation_total_reference_mistag_geomean_percent,0.37180394958252166,0.37180394958252166
10,10,lr_8_5e-6,8.5e-06,validation_total_reference_mistag_geomean_percent,0.3699755686716071,0.3699755686716071
11,11,lr_11_25e-6,1.125e-05,validation_total_reference_mistag_geomean_percent,0.3673973977881852,0.3673973977881852
11,11,lr_14e-6,1.4e-05,validation_total_reference_mistag_geomean_percent,0.3644525588642705,0.3644525588642705
11,11,lr_3e-6,1.3500000000000001e-05,validation_total_reference_mistag_geomean_percent,0.36888135964923,0.36888135964923
11,11,lr_5_75e-6,9e-06,validation_total_reference_mistag_geomean_percent,0.36794230030092795,0.36794230030092795
11,11,lr_8_5e-6,8.5e-06,validation_total_reference_mistag_geomean_percent,0.369530348560501,0.369530348560501
12,12,lr_11_25e-6,1.125e-05,validation_total_reference_mistag_geomean_percent,0.3676153623601129,0.3676153623601129
12,12,lr_14e-6,1.4e-05,validation_total_reference_mistag_geomean_percent,0.3621560937272741,0.3621560937272741
12,12,lr_3e-6,1.3500000000000001e-05,validation_total_reference_mistag_geomean_percent,0.36611055655805747,0.36611055655805747
12,12,lr_5_75e-6,9e-06,validation_total_reference_mistag_geomean_percent,0.36861288983716367,0.36861288983716367
12,12,lr_8_5e-6,8.5e-06,validation_total_reference_mistag_geomean_percent,0.3701883506935942,0.3701883506935942
13,13,lr_11_25e-6,1.125e-05,validation_total_reference_mistag_geomean_percent,0.36731960254790297,0.36731960254790297
13,13,lr_14e-6,1.4e-05,validation_total_reference_mistag_geomean_percent,0.3639107061736498,0.3639107061736498
13,13,lr_3e-6,1.3500000000000001e-05,validation_total_reference_mistag_geomean_percent,0.36525867772236065,0.36525867772236065
13,13,lr_5_75e-6,9e-06,validation_total_reference_mistag_geomean_percent,0.3677172612636124,0.3677172612636124
13,13,lr_8_5e-6,8.5e-06,validation_total_reference_mistag_geomean_percent,0.36919577720708313,0.36919577720708313
14,14,lr_11_25e-6,1.125e-05,validation_total_reference_mistag_geomean_percent,0.3648391289939589,0.3648391289939589
14,14,lr_14e-6,1.4e-05,validation_total_reference_mistag_geomean_percent,0.35852548089248804,0.35852548089248804
14,14,lr_3e-6,1.3500000000000001e-05,validation_total_reference_mistag_geomean_percent,0.3625365573090147,0.3625365573090147
14,14,lr_5_75e-6,9e-06,validation_total_reference_mistag_geomean_percent,0.3658753496552126,0.3658753496552126
14,14,lr_8_5e-6,8.5e-06,validation_total_reference_mistag_geomean_percent,0.3682090006094755,0.3682090006094755
15,15,lr_11_25e-6,1.125e-05,validation_total_reference_mistag_geomean_percent,0.3631352943802166,0.3631352943802166
15,15,lr_14e-6,1.4e-05,validation_total_reference_mistag_geomean_percent,0.35761134010565787,0.35761134010565787
15,15,lr_3e-6,1.3500000000000001e-05,validation_total_reference_mistag_geomean_percent,0.35989034818640875,0.35989034818640875
15,15,lr_5_75e-6,9e-06,validation_total_reference_mistag_geomean_percent,0.36431960537573177,0.36431960537573177
15,15,lr_8_5e-6,1.68e-05,validation_total_reference_mistag_geomean_percent,0.35726253477658443,0.35726253477658443
16,16,lr_11_25e-6,1.125e-05,validation_total_reference_mistag_geomean_percent,0.3621753587037118,0.3621753587037118
16,16,lr_14e-6,1.4e-05,validation_total_reference_mistag_geomean_percent,0.355477020140125,0.355477020140125
16,16,lr_3e-6,1.3500000000000001e-05,validation_total_reference_mistag_geomean_percent,0.36061974915762185,0.36061974915762185
16,16,lr_5_75e-6,9e-06,validation_total_reference_mistag_geomean_percent,0.36250037277144187,0.36250037277144187
16,16,lr_8_5e-6,1.68e-05,validation_total_reference_mistag_geomean_percent,0.3551306018231547,0.3551306018231547
17,17,lr_11_25e-6,1.125e-05,validation_total_reference_mistag_geomean_percent,0.35861727330334603,0.35861727330334603
17,17,lr_14e-6,1.4e-05,validation_total_reference_mistag_geomean_percent,0.3581467532143165,0.3581467532143165
17,17,lr_3e-6,1.3500000000000001e-05,validation_total_reference_mistag_geomean_percent,0.35814814202000855,0.35814814202000855
17,17,lr_5_75e-6,9e-06,validation_total_reference_mistag_geomean_percent,0.3624409763618202,0.3624409763618202
17,17,lr_8_5e-6,1.68e-05,validation_total_reference_mistag_geomean_percent,0.3584114098656239,0.3584114098656239
18,18,lr_11_25e-6,1.125e-05,validation_total_reference_mistag_geomean_percent,0.3568370628263586,0.3568370628263586
18,18,lr_14e-6,1.4e-05,validation_total_reference_mistag_geomean_percent,0.3559920925094301,0.3559920925094301
18,18,lr_3e-6,1.3500000000000001e-05,validation_total_reference_mistag_geomean_percent,0.3567128623094413,0.3567128623094413
18,18,lr_5_75e-6,9e-06,validation_total_reference_mistag_geomean_percent,0.3575819117187993,0.3575819117187993
18,18,lr_8_5e-6,1.68e-05,validation_total_reference_mistag_geomean_percent,0.35574124801219564,0.35574124801219564
19,19,lr_11_25e-6,1.125e-05,validation_total_reference_mistag_geomean_percent,0.3589446376532597,0.3589446376532597
19,19,lr_14e-6,1.4e-05,validation_total_reference_mistag_geomean_percent,0.3562168739767575,0.3562168739767575
19,19,lr_3e-6,1.3500000000000001e-05,validation_total_reference_mistag_geomean_percent,0.35743713436259084,0.35743713436259084
19,19,lr_5_75e-6,9e-06,validation_total_reference_mistag_geomean_percent,0.36207326944255425,0.36207326944255425
19,19,lr_8_5e-6,1.68e-05,validation_total_reference_mistag_geomean_percent,0.3562954273373482,0.3562954273373482
20,20,lr_11_25e-6,1.125e-05,validation_total_reference_mistag_geomean_percent,0.35786685962007075,0.35786685962007075
20,20,lr_14e-6,1.4e-05,validation_total_reference_mistag_geomean_percent,0.35502956480536013,0.35502956480536013
20,20,lr_3e-6,1.3500000000000001e-05,validation_total_reference_mistag_geomean_percent,0.3559533057012778,0.3559533057012778
20,20,lr_5_75e-6,1.1200000000000001e-05,validation_total_reference_mistag_geomean_percent,0.35501628307356137,0.35501628307356137
20,20,lr_8_5e-6,1.68e-05,validation_total_reference_mistag_geomean_percent,0.353513585289758,0.353513585289758
21,21,lr_11_25e-6,1.125e-05,validation_total_reference_mistag_geomean_percent,0.356979571414619,0.356979571414619
21,21,lr_14e-6,1.4e-05,validation_total_reference_mistag_geomean_percent,0.3557687850387944,0.3557687850387944
21,21,lr_3e-6,1.3500000000000001e-05,validation_total_reference_mistag_geomean_percent,0.3562661131477316,0.3562661131477316
21,21,lr_5_75e-6,1.1200000000000001e-05,validation_total_reference_mistag_geomean_percent,0.35601444985252184,0.35601444985252184
21,21,lr_8_5e-6,1.68e-05,validation_total_reference_mistag_geomean_percent,0.35524992420610885,0.35524992420610885
22,22,lr_11_25e-6,1.125e-05,validation_total_reference_mistag_geomean_percent,0.3568774862606309,0.3568774862606309
22,22,lr_14e-6,1.4e-05,validation_total_reference_mistag_geomean_percent,0.35368328758893325,0.35368328758893325
22,22,lr_3e-6,1.3500000000000001e-05,validation_total_reference_mistag_geomean_percent,0.35461141250819694,0.35461141250819694
22,22,lr_5_75e-6,1.1200000000000001e-05,validation_total_reference_mistag_geomean_percent,0.35441709912227576,0.35441709912227576
22,22,lr_8_5e-6,1.68e-05,validation_total_reference_mistag_geomean_percent,0.3545055838656084,0.3545055838656084
23,23,lr_11_25e-6,1.125e-05,validation_total_reference_mistag_geomean_percent,0.35802456228583,0.35802456228583
23,23,lr_14e-6,1.4e-05,validation_total_reference_mistag_geomean_percent,0.3543262105699709,0.3543262105699709
23,23,lr_3e-6,1.3500000000000001e-05,validation_total_reference_mistag_geomean_percent,0.35453458074527405,0.35453458074527405
23,23,lr_5_75e-6,1.1200000000000001e-05,validation_total_reference_mistag_geomean_percent,0.35449777433637025,0.35449777433637025
23,23,lr_8_5e-6,1.68e-05,validation_total_reference_mistag_geomean_percent,0.35332372762729547,0.35332372762729547
24,24,lr_11_25e-6,1.125e-05,validation_total_reference_mistag_geomean_percent,0.35718202314897324,0.35718202314897324
24,24,lr_14e-6,1.4e-05,validation_total_reference_mistag_geomean_percent,0.3502103331395126,0.3502103331395126
24,24,lr_3e-6,1.3500000000000001e-05,validation_total_reference_mistag_geomean_percent,0.35433617099606207,0.35433617099606207
24,24,lr_5_75e-6,1.1200000000000001e-05,validation_total_reference_mistag_geomean_percent,0.35351277894880956,0.35351277894880956
24,24,lr_8_5e-6,1.68e-05,validation_total_reference_mistag_geomean_percent,0.3490015094074359,0.3490015094074359
25,25,lr_11_25e-6,1.125e-05,validation_total_reference_mistag_geomean_percent,0.35925179131053864,0.35925179131053864
25,25,lr_14e-6,1.4e-05,validation_total_reference_mistag_geomean_percent,0.35360211896415517,0.35360211896415517
25,25,lr_3e-6,1.3500000000000001e-05,validation_total_reference_mistag_geomean_percent,0.35779096569780217,0.35779096569780217
25,25,lr_5_75e-6,1.1200000000000001e-05,validation_total_reference_mistag_geomean_percent,0.3559582320120148,0.3559582320120148
25,25,lr_8_5e-6,1.68e-05,validation_total_reference_mistag_geomean_percent,0.34994502954863144,0.34994502954863144
26,26,lr_11_25e-6,1.125e-05,validation_total_reference_mistag_geomean_percent,0.3540343304750637,0.3540343304750637
26,26,lr_14e-6,1.4e-05,validation_total_reference_mistag_geomean_percent,0.3470263989895045,0.3470263989895045
26,26,lr_3e-6,1.3500000000000001e-05,validation_total_reference_mistag_geomean_percent,0.35068606798384927,0.35068606798384927
26,26,lr_5_75e-6,1.1200000000000001e-05,validation_total_reference_mistag_geomean_percent,0.3518076362552025,0.3518076362552025
26,26,lr_8_5e-6,1.68e-05,validation_total_reference_mistag_geomean_percent,0.3458456140160013,0.3458456140160013
27,27,lr_11_25e-6,1.125e-05,validation_total_reference_mistag_geomean_percent,0.3538696800728194,0.3538696800728194
27,27,lr_14e-6,1.4e-05,validation_total_reference_mistag_geomean_percent,0.34895819641906334,0.34895819641906334
27,27,lr_3e-6,1.3500000000000001e-05,validation_total_reference_mistag_geomean_percent,0.3524487482831129,0.3524487482831129
27,27,lr_5_75e-6,1.1200000000000001e-05,validation_total_reference_mistag_geomean_percent,0.351532478379545,0.351532478379545
27,27,lr_8_5e-6,1.68e-05,validation_total_reference_mistag_geomean_percent,0.3458949748842696,0.3458949748842696
28,28,lr_11_25e-6,1.125e-05,validation_total_reference_mistag_geomean_percent,0.3557637760917866,0.3557637760917866
28,28,lr_14e-6,1.4e-05,validation_total_reference_mistag_geomean_percent,0.3481304504288312,0.3481304504288312
28,28,lr_3e-6,1.3500000000000001e-05,validation_total_reference_mistag_geomean_percent,0.3495856458612787,0.3495856458612787
28,28,lr_5_75e-6,1.1200000000000001e-05,validation_total_reference_mistag_geomean_percent,0.34899606401903727,0.34899606401903727
28,28,lr_8_5e-6,1.68e-05,validation_total_reference_mistag_geomean_percent,0.3478055864514212,0.3478055864514212
29,29,lr_11_25e-6,1.125e-05,validation_total_reference_mistag_geomean_percent,0.3573687781195823,0.3573687781195823
29,29,lr_14e-6,1.4e-05,validation_total_reference_mistag_geomean_percent,0.34795849627214287,0.34795849627214287
29,29,lr_3e-6,1.3500000000000001e-05,validation_total_reference_mistag_geomean_percent,0.34896569221174467,0.34896569221174467
29,29,lr_5_75e-6,1.1200000000000001e-05,validation_total_reference_mistag_geomean_percent,0.348898888542632,0.348898888542632
29,29,lr_8_5e-6,1.68e-05,validation_total_reference_mistag_geomean_percent,0.34682178197197755,0.34682178197197755
30,30,lr_11_25e-6,2.0159999999999997e-05,validation_total_reference_mistag_geomean_percent,0.34604937532918373,0.34604937532918373
30,30,lr_14e-6,1.4e-05,validation_total_reference_mistag_geomean_percent,0.3467606746854057,0.3467606746854057
30,30,lr_3e-6,1.344e-05,validation_total_reference_mistag_geomean_percent,0.3462196514268577,0.3462196514268577
30,30,lr_5_75e-6,1.1200000000000001e-05,validation_total_reference_mistag_geomean_percent,0.3479040870226693,0.3479040870226693
30,30,lr_8_5e-6,1.68e-05,validation_total_reference_mistag_geomean_percent,0.3460739767746197,0.3460739767746197
31,31,lr_11_25e-6,2.0159999999999997e-05,validation_total_reference_mistag_geomean_percent,0.346266921167865,0.346266921167865
31,31,lr_14e-6,1.4e-05,validation_total_reference_mistag_geomean_percent,0.34711706865483966,0.34711706865483966
31,31,lr_3e-6,1.344e-05,validation_total_reference_mistag_geomean_percent,0.34628524788677756,0.34628524788677756
31,31,lr_5_75e-6,1.1200000000000001e-05,validation_total_reference_mistag_geomean_percent,0.3476086608239221,0.3476086608239221
31,31,lr_8_5e-6,1.68e-05,validation_total_reference_mistag_geomean_percent,0.34612614484275356,0.34612614484275356
32,32,lr_11_25e-6,2.0159999999999997e-05,validation_total_reference_mistag_geomean_percent,0.3478193506329978,0.3478193506329978
32,32,lr_14e-6,1.4e-05,validation_total_reference_mistag_geomean_percent,0.34876791726906764,0.34876791726906764
32,32,lr_3e-6,1.344e-05,validation_total_reference_mistag_geomean_percent,0.3486550396504301,0.3486550396504301
32,32,lr_5_75e-6,1.1200000000000001e-05,validation_total_reference_mistag_geomean_percent,0.35041830884933406,0.35041830884933406
32,32,lr_8_5e-6,1.68e-05,validation_total_reference_mistag_geomean_percent,0.34939983390427215,0.34939983390427215
33,33,lr_11_25e-6,2.0159999999999997e-05,validation_total_reference_mistag_geomean_percent,0.3458614602893832,0.3458614602893832
33,33,lr_14e-6,1.4e-05,validation_total_reference_mistag_geomean_percent,0.34650139164685734,0.34650139164685734
33,33,lr_3e-6,1.344e-05,validation_total_reference_mistag_geomean_percent,0.34669955913773476,0.34669955913773476
33,33,lr_5_75e-6,1.1200000000000001e-05,validation_total_reference_mistag_geomean_percent,0.34837700181924425,0.34837700181924425
33,33,lr_8_5e-6,1.68e-05,validation_total_reference_mistag_geomean_percent,0.3482409794629758,0.3482409794629758
34,34,lr_11_25e-6,2.0159999999999997e-05,validation_total_reference_mistag_geomean_percent,0.34732842873794806,0.34732842873794806
34,34,lr_14e-6,1.4e-05,validation_total_reference_mistag_geomean_percent,0.3462756273592917,0.3462756273592917
34,34,lr_3e-6,1.344e-05,validation_total_reference_mistag_geomean_percent,0.34840976750957064,0.34840976750957064
34,34,lr_5_75e-6,1.1200000000000001e-05,validation_total_reference_mistag_geomean_percent,0.34688311331635746,0.34688311331635746
34,34,lr_8_5e-6,1.68e-05,validation_total_reference_mistag_geomean_percent,0.3479068213352256,0.3479068213352256
35,35,lr_11_25e-6,2.0159999999999997e-05,validation_total_reference_mistag_geomean_percent,0.3465043249512954,0.3465043249512954
35,35,lr_14e-6,1.4e-05,validation_total_reference_mistag_geomean_percent,0.34691510216547733,0.34691510216547733
35,35,lr_3e-6,1.344e-05,validation_total_reference_mistag_geomean_percent,0.347784766371145,0.347784766371145
35,35,lr_5_75e-6,1.1200000000000001e-05,validation_total_reference_mistag_geomean_percent,0.34603377276290825,0.34603377276290825
35,35,lr_8_5e-6,1.68e-05,validation_total_reference_mistag_geomean_percent,0.3476824979401275,0.3476824979401275
36,36,lr_11_25e-6,2.0159999999999997e-05,validation_total_reference_mistag_geomean_percent,0.34704003531789873,0.34704003531789873
36,36,lr_14e-6,1.4e-05,validation_total_reference_mistag_geomean_percent,0.3446894692225022,0.3446894692225022
36,36,lr_3e-6,1.344e-05,validation_total_reference_mistag_geomean_percent,0.34423945281325385,0.34423945281325385
36,36,lr_5_75e-6,1.1200000000000001e-05,validation_total_reference_mistag_geomean_percent,0.3467404278985798,0.3467404278985798
36,36,lr_8_5e-6,1.68e-05,validation_total_reference_mistag_geomean_percent,0.3460154678972958,0.3460154678972958
37,37,lr_11_25e-6,2.0159999999999997e-05,validation_total_reference_mistag_geomean_percent,0.34316320526285327,0.34316320526285327
37,37,lr_14e-6,1.4e-05,validation_total_reference_mistag_geomean_percent,0.34584362593833956,0.34584362593833956
37,37,lr_3e-6,1.344e-05,validation_total_reference_mistag_geomean_percent,0.3445540774192707,0.3445540774192707
37,37,lr_5_75e-6,1.1200000000000001e-05,validation_total_reference_mistag_geomean_percent,0.34579869644156336,0.34579869644156336
37,37,lr_8_5e-6,1.68e-05,validation_total_reference_mistag_geomean_percent,0.344200504521591,0.344200504521591
38,38,lr_11_25e-6,2.0159999999999997e-05,validation_total_reference_mistag_geomean_percent,0.3450178315357342,0.3450178315357342
38,38,lr_14e-6,1.4e-05,validation_total_reference_mistag_geomean_percent,0.347373189087921,0.347373189087921
38,38,lr_3e-6,1.344e-05,validation_total_reference_mistag_geomean_percent,0.34604349150196545,0.34604349150196545
38,38,lr_5_75e-6,1.1200000000000001e-05,validation_total_reference_mistag_geomean_percent,0.345917206990871,0.345917206990871
38,38,lr_8_5e-6,1.68e-05,validation_total_reference_mistag_geomean_percent,0.346340052329154,0.346340052329154
39,39,lr_11_25e-6,2.0159999999999997e-05,validation_total_reference_mistag_geomean_percent,0.3461854817992481,0.3461854817992481
39,39,lr_14e-6,1.4e-05,validation_total_reference_mistag_geomean_percent,0.3468742305907995,0.3468742305907995
39,39,lr_3e-6,1.344e-05,validation_total_reference_mistag_geomean_percent,0.34669246280934046,0.34669246280934046
39,39,lr_5_75e-6,1.1200000000000001e-05,validation_total_reference_mistag_geomean_percent,0.34496087711605095,0.34496087711605095
39,39,lr_8_5e-6,1.68e-05,validation_total_reference_mistag_geomean_percent,0.34590504818315554,0.34590504818315554
40,40,lr_11_25e-6,2.0159999999999997e-05,validation_total_reference_mistag_geomean_percent,0.3434356235621374,0.3434356235621374
40,40,lr_14e-6,1.4e-05,validation_total_reference_mistag_geomean_percent,0.3477908047770337,0.3477908047770337
40,40,lr_3e-6,1.344e-05,validation_total_reference_mistag_geomean_percent,0.3475584070133258,0.3475584070133258
40,40,lr_5_75e-6,1.1200000000000001e-05,validation_total_reference_mistag_geomean_percent,0.34536533117292073,0.34536533117292073
40,40,lr_8_5e-6,1.68e-05,validation_total_reference_mistag_geomean_percent,0.3469555859375458,0.3469555859375458
41,41,lr_11_25e-6,2.0159999999999997e-05,validation_total_reference_mistag_geomean_percent,0.34607300348373055,0.34607300348373055
41,41,lr_14e-6,1.4e-05,validation_total_reference_mistag_geomean_percent,0.34648063174127225,0.34648063174127225
41,41,lr_3e-6,1.344e-05,validation_total_reference_mistag_geomean_percent,0.3455068460905471,0.3455068460905471
41,41,lr_5_75e-6,1.1200000000000001e-05,validation_total_reference_mistag_geomean_percent,0.3449676958678518,0.3449676958678518
41,41,lr_8_5e-6,1.68e-05,validation_total_reference_mistag_geomean_percent,0.34735270858393413,0.34735270858393413
42,42,lr_11_25e-6,2.0159999999999997e-05,validation_total_reference_mistag_geomean_percent,0.3455695076445634,0.3455695076445634
42,42,lr_14e-6,1.4e-05,validation_total_reference_mistag_geomean_percent,0.3475319425724988,0.3475319425724988
42,42,lr_3e-6,1.344e-05,validation_total_reference_mistag_geomean_percent,0.34681761722804283,0.34681761722804283
42,42,lr_5_75e-6,1.1200000000000001e-05,validation_total_reference_mistag_geomean_percent,0.3458890772202745,0.3458890772202745
42,42,lr_8_5e-6,1.68e-05,validation_total_reference_mistag_geomean_percent,0.3453240416658856,0.3453240416658856
43,43,lr_11_25e-6,2.0159999999999997e-05,validation_total_reference_mistag_geomean_percent,0.34301926210035144,0.34301926210035144
43,43,lr_14e-6,1.4e-05,validation_total_reference_mistag_geomean_percent,0.34456096962514227,0.34456096962514227
43,43,lr_3e-6,1.344e-05,validation_total_reference_mistag_geomean_percent,0.3431875779822042,0.3431875779822042
43,43,lr_5_75e-6,1.1200000000000001e-05,validation_total_reference_mistag_geomean_percent,0.3467277941528858,0.3467277941528858
43,43,lr_8_5e-6,1.68e-05,validation_total_reference_mistag_geomean_percent,0.344032099108997,0.344032099108997
44,44,lr_11_25e-6,2.0159999999999997e-05,validation_total_reference_mistag_geomean_percent,0.34213427884121184,0.34213427884121184
44,44,lr_14e-6,1.4e-05,validation_total_reference_mistag_geomean_percent,0.3474511446872443,0.3474511446872443
44,44,lr_3e-6,1.344e-05,validation_total_reference_mistag_geomean_percent,0.34731991733926987,0.34731991733926987
44,44,lr_5_75e-6,1.1200000000000001e-05,validation_total_reference_mistag_geomean_percent,0.3455136949015354,0.3455136949015354
44,44,lr_8_5e-6,1.68e-05,validation_total_reference_mistag_geomean_percent,0.3462411462717756,0.3462411462717756
45,45,lr_11_25e-6,2.0159999999999997e-05,validation_total_reference_mistag_geomean_percent,0.3383257249278752,0.3383257249278752
45,45,lr_14e-6,1.4e-05,validation_total_reference_mistag_geomean_percent,0.34489595171416626,0.34489595171416626
45,45,lr_3e-6,1.344e-05,validation_total_reference_mistag_geomean_percent,0.3440723880060791,0.3440723880060791
45,45,lr_5_75e-6,1.1200000000000001e-05,validation_total_reference_mistag_geomean_percent,0.34765150874982004,0.34765150874982004
45,45,lr_8_5e-6,1.68e-05,validation_total_reference_mistag_geomean_percent,0.3412669381631729,0.3412669381631729
46,46,lr_11_25e-6,2.0159999999999997e-05,validation_total_reference_mistag_geomean_percent,0.3397984524746581,0.3397984524746581
46,46,lr_14e-6,1.4e-05,validation_total_reference_mistag_geomean_percent,0.3464163353597902,0.3464163353597902
46,46,lr_3e-6,1.344e-05,validation_total_reference_mistag_geomean_percent,0.3440976430117988,0.3440976430117988
46,46,lr_5_75e-6,1.1200000000000001e-05,validation_total_reference_mistag_geomean_percent,0.34722144591637577,0.34722144591637577
46,46,lr_8_5e-6,1.68e-05,validation_total_reference_mistag_geomean_percent,0.34295252976203516,0.34295252976203516
47,47,lr_11_25e-6,2.0159999999999997e-05,validation_total_reference_mistag_geomean_percent,0.33850233849935873,0.33850233849935873
47,47,lr_14e-6,1.4e-05,validation_total_reference_mistag_geomean_percent,0.34586847440360174,0.34586847440360174
47,47,lr_3e-6,1.344e-05,validation_total_reference_mistag_geomean_percent,0.3441390724437669,0.3441390724437669
47,47,lr_5_75e-6,1.1200000000000001e-05,validation_total_reference_mistag_geomean_percent,0.3462724135928468,0.3462724135928468
47,47,lr_8_5e-6,1.68e-05,validation_total_reference_mistag_geomean_percent,0.3414232781721074,0.3414232781721074
48,48,lr_11_25e-6,2.0159999999999997e-05,validation_total_reference_mistag_geomean_percent,0.33895147498530537,0.33895147498530537
48,48,lr_14e-6,1.4e-05,validation_total_reference_mistag_geomean_percent,0.3454422903249162,0.3454422903249162
48,48,lr_3e-6,1.344e-05,validation_total_reference_mistag_geomean_percent,0.34489005271134116,0.34489005271134116
48,48,lr_5_75e-6,1.1200000000000001e-05,validation_total_reference_mistag_geomean_percent,0.3464726714770304,0.3464726714770304
48,48,lr_8_5e-6,1.68e-05,validation_total_reference_mistag_geomean_percent,0.3411542385641739,0.3411542385641739
49,49,lr_11_25e-6,2.0159999999999997e-05,validation_total_reference_mistag_geomean_percent,0.337726899098497,0.337726899098497
49,49,lr_14e-6,1.4e-05,validation_total_reference_mistag_geomean_percent,0.34772519582058087,0.34772519582058087
49,49,lr_3e-6,1.344e-05,validation_total_reference_mistag_geomean_percent,0.3447068152642883,0.3447068152642883
49,49,lr_5_75e-6,1.1200000000000001e-05,validation_total_reference_mistag_geomean_percent,0.34695611478990446,0.34695611478990446
49,49,lr_8_5e-6,1.68e-05,validation_total_reference_mistag_geomean_percent,0.33997720131310005,0.33997720131310005
